mdumbrall0@spotify.com,Maggi,China
pingamells1@privacy.gov.au,Priscella,Philippines
ncoult2@yale.edu,Nerte,China
blapping3@ucla.edu,Barty,Brazil
lrodda4@craigslist.org,Leonora,Thailand
ostannus5@people.com.cn,Odette,Russia
sbutter6@liveinternet.ru,Steve,Nigeria
csealove7@wordpress.com,Crysta,China
cdanell8@miibeian.gov.cn,Chance,Yemen
rchezier9@hp.com,Reinhard,Georgia
kkingwella@smugmug.com,Kare,Sweden
cstaileyb@issuu.com,Calhoun,Egypt
jalexanderssonc@netlog.com,Jedd,Philippines
lalliband@phoca.cz,Leroy,United States
bmatokhnine@thetimes.co.uk,Branden,Venezuela
nfreshwaterf@scribd.com,Neysa,Sweden
askirling@ucoz.com,Ashia,Jordan
cdingh@theguardian.com,Caye,China
whoverti@loc.gov,Ward,China
emasselinj@patch.com,Elbertine,Indonesia
jmichielk@dyndns.org,Jeromy,Sweden
gcostanl@techcrunch.com,Gabby,Thailand
sreanm@pagesperso-orange.fr,Sydel,Gambia
bayreen@acquirethisname.com,Bernita,China
rdrakeo@cloudflare.com,Rolfe,Sweden
rshelmerdinep@netvibes.com,Robinett,Indonesia
aparrenq@fastcompany.com,Aundrea,France
gvongrollmannr@woothemes.com,Gwenette,China
ceavess@hugedomains.com,Clark,Brazil
opeerst@last.fm,Olga,East Timor
ssayu@clickbank.net,Samson,Poland
emilvarniev@salon.com,Eberto,Germany
vspeakw@bloglines.com,Vitia,Poland
mhandmorex@tuttocitta.it,Merrill,Indonesia
tmccaugheyy@wikia.com,Theodoric,Indonesia
wmattaserz@booking.com,Winthrop,Poland
gdruitt10@360.cn,Gwyn,Sweden
pdanielian11@wikipedia.org,Pattie,China
wdarlison12@omniture.com,Winn,Indonesia
nbarrass13@ft.com,Nial,Indonesia
ntorr14@loc.gov,Nonie,China
mheining15@g.co,Menard,Indonesia
psturgeon16@kickstarter.com,Pearce,Jordan
rffrench17@gov.uk,Rebbecca,Mongolia
mcronkshaw18@squarespace.com,Marina,China
lmacparlan19@dropbox.com,Lynne,Sweden
sgribbins1a@google.de,Suellen,Philippines
rbarthram1b@unc.edu,Rawley,Nigeria
vpiggot1c@flavors.me,Vida,Spain
ddaveridge1d@people.com.cn,Daryl,China
ckingswoode1e@columbia.edu,Coraline,Indonesia
npeetermann1f@twitter.com,Ninetta,Philippines
tcolles1g@answers.com,Timmy,Nigeria
aogorman1h@usgs.gov,Arlyne,China
lskene1i@noaa.gov,Lura,Jordan
ddonohoe1j@princeton.edu,Delmar,Philippines
fgeleman1k@netscape.com,Felice,Japan
cbrookzie1l@dyndns.org,Carlye,Honduras
bkirton1m@tripadvisor.com,Barbe,Germany
egaytor1n@mozilla.com,Egan,Brazil
akenright1o@prweb.com,Ambur,China
arimbault1p@alibaba.com,Ashlan,China
awaterland1q@bigcartel.com,Aindrea,China
abowley1r@behance.net,Auberon,Czech Republic
fpalffy1s@wired.com,Fionnula,Tunisia
uramshay1t@utexas.edu,Udale,China
tmcandrew1u@blog.com,Tabbie,Poland
plebarre1v@list-manage.com,Paolina,Guatemala
rchasle1w@twitpic.com,Richardo,Indonesia
dchicken1x@opensource.org,Darin,Russia
cduchateau1y@creativecommons.org,Codie,Zambia
delford1z@yellowpages.com,Derry,Croatia
ehaycock20@harvard.edu,Elfrida,Iran
byouthed21@ifeng.com,Bennie,Poland
ilusher22@github.io,Igor,Mexico
jcortin23@loc.gov,Jamima,Philippines
kacomb24@angelfire.com,Kakalina,Poland
mgenner25@odnoklassniki.ru,Mack,Italy
afutcher26@yahoo.com,Averil,Indonesia
fburleigh27@adobe.com,Fenelia,Palestinian Territory
wwhicher28@jiathis.com,Wilie,Indonesia
ethickett29@merriam-webster.com,Elinore,Canada
chintze2a@youtu.be,Caterina,Malaysia
vharber2b@time.com,Viv,Malta
dpales2c@technorati.com,Daniel,Greece
pbyre2d@simplemachines.org,Percy,Serbia
vridolfo2e@indiegogo.com,Vivienne,Philippines
mhardisty2f@squarespace.com,Millard,Canada
apollok2g@de.vu,Ariela,Serbia
ahungerford2h@nba.com,Allistir,China
ofrichley2i@auda.org.au,Onida,Peru
mroantree2j@washington.edu,Melisenda,Thailand
apickance2k@house.gov,Anallese,Philippines
iroderigo2l@blogger.com,Ilka,Brazil
vtomich2m@vk.com,Vite,Japan
asex2n@xing.com,Alys,China
mdundendale2o@behance.net,Marisa,Philippines
jflaubert2p@ucsd.edu,Jimmie,Philippines
lschinetti2q@amazon.de,Lindi,Nigeria
mcridlon2r@xinhuanet.com,Marinna,China
ctatton2s@latimes.com,Cyrill,Brazil
kglazer2t@booking.com,Kayla,Sweden
dlesieur2u@51.la,Darrell,Greece
cdilrew2v@mayoclinic.com,Cass,Indonesia
gburel2w@1688.com,Gerrard,Poland
sdalesco2x@utexas.edu,Sisely,Indonesia
mbosworth2y@marriott.com,Martelle,China
drosenauer2z@nps.gov,Darius,Nigeria
npinnick30@weibo.com,Natalya,Iran
gtallow31@com.com,Gerianna,Papua New Guinea
pcardwell32@naver.com,Pauline,Indonesia
rcappineer33@1und1.de,Robby,Colombia
esive34@clickbank.net,Ellerey,China
tachrameev35@seattletimes.com,Taffy,Honduras
ophillimore36@bizjournals.com,Odette,China
rlegh37@wikispaces.com,Russ,Armenia
ktibb38@t-online.de,Ken,Portugal
lmitkov39@yandex.ru,Leigh,United States
kbreedy3a@umich.edu,Korey,Portugal
cvodden3b@surveymonkey.com,Carl,Luxembourg
kstannis3c@go.com,Keriann,Philippines
rtotaro3d@naver.com,Ripley,China
ctalbot3e@delicious.com,Conni,Serbia
lfranciotti3f@ezinearticles.com,Lind,Bolivia
geste3g@berkeley.edu,Genia,Brazil
cmaiden3h@biglobe.ne.jp,Christyna,Sweden
pneasham3i@accuweather.com,Peria,Russia
nortell3j@mozilla.org,Nata,Colombia
dlebosse3k@livejournal.com,Delly,China
wcartan3l@ehow.com,Wayland,China
mwaterfield3m@marketwatch.com,Mylo,Portugal
ghoulworth3n@typepad.com,Gleda,Philippines
ajakubowski3o@furl.net,Agatha,Indonesia
lkevern3p@blog.com,Langston,Mexico
hvaller3q@prnewswire.com,Hollyanne,Brazil
lborrill3r@gizmodo.com,Laurie,China
cbench3s@friendfeed.com,Carson,Greece
wgorse3t@tuttocitta.it,Waverly,Brazil
tpilmer3u@macromedia.com,Trude,Czech Republic
amcevilly3v@blogger.com,Alisander,United States
ddegliantoni3w@odnoklassniki.ru,Dan,Indonesia
lchew3x@weebly.com,Ly,Japan
hkollatsch3y@odnoklassniki.ru,Halimeda,China
hcreggan3z@irs.gov,Hadrian,Ukraine
etidey40@techcrunch.com,Emelia,China
dbailey41@desdev.cn,Dukie,Argentina
jkrzyzowski42@icq.com,Joletta,Indonesia
nminucci43@sun.com,Nikolia,China
gshoebottom44@vinaora.com,Gusti,Slovenia
cwareing45@google.fr,Chelsy,China
bfroschauer46@china.com.cn,Brooks,Poland
avickar47@pagesperso-orange.fr,Aaren,Philippines
gkrauze48@icio.us,Gale,Canada
hquinby49@exblog.jp,Hubey,Norway
fsedgman4a@blogspot.com,Flor,Portugal
kcagan4b@reverbnation.com,Kimmy,Poland
ccuming4c@google.de,Chelsy,Indonesia
bklimuk4d@sfgate.com,Baird,Russia
gkingsford4e@about.com,Gwennie,China
eextal4f@prlog.org,Electra,China
fbrodest4g@wix.com,Frans,Russia
asharpous4h@sbwire.com,Allie,Vietnam
ccharnick4i@noaa.gov,Cooper,Iran
oterrell4j@sogou.com,Oralla,China
jhadigate4k@free.fr,Johnnie,Nigeria
candries4l@bizjournals.com,Casandra,Czech Republic
hnottingam4m@yahoo.co.jp,Hy,Iran
kquested4n@issuu.com,Kore,Indonesia
gjosum4o@tripadvisor.com,Garrot,Greece
tbache4p@time.com,Therese,Argentina
nmacy4q@businesswire.com,Nancy,Madagascar
rdybell4r@nsw.gov.au,Rocky,China
dwhittier4s@dedecms.com,Delcine,Portugal
lbleby4t@so-net.ne.jp,Lorin,Portugal
brawdall4u@nature.com,Bride,China
gfowlie4v@auda.org.au,Guthry,Mozambique
lthrelfall4w@ning.com,Lane,Indonesia
knavan4x@spotify.com,Kamilah,Yemen
etemperley4y@over-blog.com,Ettore,Indonesia
abrothwell4z@bloglovin.com,Ashby,China
wchoake50@diigo.com,Winonah,Canada
ezorzin51@amazon.co.jp,Evangelia,Philippines
rpinyon52@privacy.gov.au,Rosco,Portugal
bblazey53@csmonitor.com,Burnaby,China
vvansaltsberg54@nhs.uk,Van,Indonesia
mritchman55@dmoz.org,Mariquilla,Sweden
bfeatherstone56@dyndns.org,Basilio,Japan
jphilippet57@smugmug.com,Jo-anne,Gambia
fbalducci58@tiny.cc,Fedora,Philippines
bbrent59@howstuffworks.com,Brendan,Brazil
achezier5a@boston.com,Annelise,Ethiopia
tjennaroy5b@jiathis.com,Thibaut,Nigeria
kdeas5c@mac.com,Kipp,Indonesia
rlardner5d@myspace.com,Rheta,Portugal
jyakob5e@163.com,Joyann,China
lryle5f@fda.gov,Lenette,Vietnam
aantonignetti5g@scientificamerican.com,Audrye,Cyprus
mharbord5h@icq.com,Marleen,China
mborrow5i@nasa.gov,Moira,China
kpalffrey5j@mlb.com,Kerrill,Indonesia
dgoodale5k@amazonaws.com,Delilah,Lithuania
zhawkins5l@tripod.com,Zea,China
kchitter5m@rakuten.co.jp,Kate,Indonesia
isherlaw5n@qq.com,Ingar,Sweden
tjaggi5o@pbs.org,Tera,Indonesia
dsebrens5p@cbsnews.com,Donica,Ukraine
dheaton5q@cbc.ca,Dannye,Egypt
lputtan5r@virginia.edu,Lezley,Brazil
afleming5s@hud.gov,Ahmad,China
pkirwan5t@senate.gov,Portie,Indonesia
acramp5u@t-online.de,Atalanta,Republic of the Congo
jpoletto5v@photobucket.com,Josi,Greece
lcorinton5w@bandcamp.com,Llewellyn,Chile
lbetonia5x@t.co,Lisha,China
rschwandermann5y@diigo.com,Roanne,Indonesia
slattimer5z@tinypic.com,Sutton,Japan
glindblom60@jiathis.com,Georgianna,Indonesia
irobiot61@vk.com,Izaak,Uruguay
alongworthy62@acquirethisname.com,Asher,Mozambique
iwhilder63@ox.ac.uk,Igor,Portugal
sshasnan64@shinystat.com,Shandy,Gambia
sgregoraci65@diigo.com,Shirlee,Macedonia
kneaverson66@toplist.cz,Konrad,Czech Republic
mmarcum67@amazon.co.jp,Meghann,United Kingdom
sdanskine68@ftc.gov,Sigismundo,Argentina
nswinnerton69@odnoklassniki.ru,Netta,Iraq
litzkovitch6a@economist.com,Lucille,Russia
sbirrel6b@xing.com,Sonnie,El Salvador
kthompsett6c@squidoo.com,Kat,Morocco
alapadula6d@nifty.com,Addia,China
adebanke6e@fda.gov,Anthia,Brazil
geadmeads6f@comsenz.com,Granny,Guatemala
lnorthage6g@washington.edu,Leland,Portugal
jstean6h@skyrock.com,Jervis,Indonesia
gkruger6i@blogspot.com,Guenevere,Japan
hhardingham6j@posterous.com,Hallsy,Thailand
eknuckles6k@dell.com,Eberto,Brazil
criccardelli6l@joomla.org,Cordey,Philippines
kdeverehunt6m@simplemachines.org,Kyrstin,Sweden
obarlthrop6n@cocolog-nifty.com,Octavia,Peru
bworpole6o@hexun.com,Britney,Philippines
tedgehill6p@wunderground.com,Thor,Indonesia
areilinger6q@reddit.com,Artemus,Russia
csumshon6r@hostgator.com,Carmencita,China
thorick6s@sohu.com,Tish,China
alealle6t@berkeley.edu,Aarika,Argentina
nmaffini6u@dot.gov,Neala,Indonesia
ccannaway6v@zdnet.com,Claire,Philippines
mzmitrovich6w@slate.com,Mariel,China
jmichele6x@alibaba.com,Johannes,China
bstrettell6y@123-reg.co.uk,Bev,Albania
onother6z@flickr.com,Onfroi,China
mantrack70@foxnews.com,Merrel,Dominican Republic
ccarlsen71@imgur.com,Caren,China
apugh72@independent.co.uk,Angie,South Africa
jbowmaker73@google.it,Julissa,Sweden
sduly74@cornell.edu,Sandye,Thailand
sdalessandro75@pagesperso-orange.fr,Sergei,Indonesia
beicke76@uol.com.br,Bondie,Portugal
nmechem77@typepad.com,Nicol,China
csalandino78@whitehouse.gov,Cassandra,China
zkillough79@sun.com,Zondra,China
ifley7a@forbes.com,Ira,Portugal
nbeiderbeck7b@springer.com,Nichole,China
kjarrelt7c@webmd.com,Kerwinn,Nigeria
dcrinage7d@usa.gov,Daven,Indonesia
aespinos7e@arstechnica.com,Alis,Bulgaria
jkirkham7f@hao123.com,Jocelin,Oman
tmcconaghy7g@ca.gov,Theobald,Mexico
tallbrook7h@tumblr.com,Thaxter,China
mhayth7i@bloglines.com,Marie-ann,China
cbreese7j@scribd.com,Chilton,Russia
jcoy7k@slashdot.org,Jo ann,China
qhavill7l@ehow.com,Querida,Netherlands
mcock7m@rediff.com,Mikael,Indonesia
rtremberth7n@arizona.edu,Rudolph,China
deliesco7o@bandcamp.com,Dilan,China
gtansey7p@ucla.edu,Gifford,China
adiano7q@bluehost.com,Artair,Indonesia
gkilban7r@loc.gov,Gregorio,Indonesia
kbinch7s@nba.com,Keir,Morocco
adunnico7t@nhs.uk,Aggie,Czech Republic
isimonaitis7u@bbc.co.uk,Irene,China
calsford7v@gnu.org,Constantin,Greece
hscottrell7w@moonfruit.com,Hendrik,Sweden
bvosper7x@skype.com,Barrett,Indonesia
dtrunkfield7y@issuu.com,Debra,Greece
brigardeau7z@posterous.com,Billi,Peru
mhugues80@flickr.com,Melania,Brazil
bedmonds81@altervista.org,Barbi,Ukraine
fhartop82@instagram.com,Farlie,Indonesia
abuckie83@storify.com,Antonin,France
sfrodsam84@ca.gov,Samara,Indonesia
cimbrey85@github.io,Cornall,Bolivia
sfobidge86@bluehost.com,Sabine,France
trasher87@ed.gov,Trent,China
eblenkinship88@livejournal.com,Eadmund,Philippines
ssavil89@usnews.com,Suzi,Poland
ccajkler8a@bbc.co.uk,Coretta,Bulgaria
igreder8b@over-blog.com,Inessa,Uganda
jflinn8c@newsvine.com,Jessalin,Poland
detchell8d@friendfeed.com,Devon,China
echeng8e@vimeo.com,Elly,Russia
kchilders8f@posterous.com,Karrah,Russia
apurdon8g@uiuc.edu,Avram,Indonesia
kboldry8h@imdb.com,Karly,Latvia
fmcarley8i@uol.com.br,Farrand,Azerbaijan
bfiler8j@walmart.com,Briant,Nigeria
walvarado8k@phpbb.com,Winnifred,Russia
echellam8l@geocities.com,Ellene,Germany
dsloper8m@w3.org,Dyna,Russia
wrilston8n@trellian.com,Whittaker,China
msenten8o@ow.ly,Mari,Bulgaria
cmeikle8p@sun.com,Clint,Sweden
fstryde8q@de.vu,Frankie,Dominican Republic
njessen8r@smh.com.au,Norbert,Armenia
bsirl8s@china.com.cn,Bell,Poland
bbrentnall8t@diigo.com,Brittan,Poland
sbreem8u@nydailynews.com,Shelbi,Honduras
jbaggs8v@wordpress.com,Jillian,Indonesia
dvillalta8w@artisteer.com,Dagmar,Brazil
evalde8x@pagesperso-orange.fr,Ernie,Philippines
ljeanin8y@blogs.com,Lorenza,New Caledonia
afouracres8z@nytimes.com,Alfi,Bulgaria
hkmieciak90@squarespace.com,Horatio,China
bbarthelmes91@rakuten.co.jp,Batholomew,China
hpedreschi92@webs.com,Hedvig,Uruguay
gbraid93@creativecommons.org,Ginnifer,Russia
ileroux94@addthis.com,Ilysa,Portugal
emogie95@zdnet.com,Emmy,China
gallington96@aol.com,Geno,China
vbarles97@weebly.com,Valentin,China
darmstead98@samsung.com,Dusty,Poland
pdrake99@wiley.com,Paddy,United States
mlaming9a@upenn.edu,Marcy,Russia
trobertelli9b@examiner.com,Tadeo,Poland
kaberkirdo9c@nba.com,Karissa,Indonesia
mbaack9d@cam.ac.uk,Marianne,Japan
mnotman9e@wp.com,Murvyn,China
zthomtson9f@usgs.gov,Zandra,Germany
rtully9g@simplemachines.org,Rozanna,Chile
aklimowski9h@aboutads.info,Annetta,Argentina
megel9i@geocities.jp,Maible,China
srulf9j@issuu.com,Sashenka,United States
mcottle9k@behance.net,Marwin,Russia
jrushe9l@alexa.com,Jack,Guatemala
mmcfarlan9m@virginia.edu,Murvyn,Philippines
arickword9n@so-net.ne.jp,Aundrea,France
sreasce9o@so-net.ne.jp,Skip,Portugal
gparadis9p@vistaprint.com,Gerry,Sweden
cnormanville9q@gravatar.com,Collete,Brazil
gcogin9r@homestead.com,Gun,China
lmyton9s@mlb.com,Linnea,Brazil
rrikkard9t@seattletimes.com,Ruperto,China
jbolton9u@github.io,Jamie,Colombia
erilings9v@bandcamp.com,Ermanno,France
sbriereton9w@cisco.com,Swen,France
amcilvaney9x@walmart.com,Angelina,China
mmckeefry9y@seattletimes.com,Maggee,Russia
jstrase9z@twitpic.com,Jodee,Philippines
bpizziea0@about.me,Bianca,Norway
egilfethera1@ameblo.jp,Ezri,Czech Republic
creignoulda2@gravatar.com,Clarice,Indonesia
jmynetta3@wufoo.com,Jermain,China
abambraa4@parallels.com,Archibald,Colombia
rormstona5@chron.com,Rafaellle,Bosnia and Herzegovina
oaslama6@kickstarter.com,Oates,Finland
sbartaa7@prnewswire.com,Sophey,Russia
hodeegana8@discuz.net,Hazlett,Chile
wkellsa9@latimes.com,Waneta,Philippines
vmaccardaa@google.com,Viola,China
ewillab@npr.org,Erroll,Philippines
vshaulac@npr.org,Valida,Philippines
gvanzonad@canalblog.com,Giacobo,Mexico
rvandaleae@weibo.com,Roxanne,Vietnam
fphythonaf@craigslist.org,Freddy,Sweden
gdreppag@cdc.gov,Galen,Portugal
mcaustonah@wp.com,Mayne,Brazil
lgotchai@alexa.com,Lizette,Philippines
mdeexaj@yahoo.co.jp,Mireielle,Palestinian Territory
fgordenak@yandex.ru,Felizio,Indonesia
phuncootal@mapy.cz,Pavlov,China
jduligalam@blogger.com,Janos,Indonesia
stosneyan@ask.com,Scottie,Yemen
gnibleyao@boston.com,Gerrie,Peru
ssedgemoreap@prlog.org,Sandy,United Arab Emirates
dryalaq@alibaba.com,Dru,Syria
rmynottar@apache.org,Rakel,United States
tbasnettas@lulu.com,Tamra,Russia
jrossbrookat@liveinternet.ru,Jere,Ireland
rslydeau@php.net,Roseline,Morocco
pandreiav@domainmarket.com,Phedra,Brazil
cmeekinsaw@wordpress.org,Carmelita,Philippines
baultax@ask.com,Biddie,Japan
dzuanazziay@tmall.com,Darice,China
jlomathaz@aol.com,Jillene,Indonesia
mgranvilleb0@hc360.com,Madeline,Guatemala
pbirbeckb1@amazonaws.com,Pall,China
rdowkerb2@hc360.com,Rahel,Russia
abozworthb3@linkedin.com,Amby,China
hscarmanb4@washington.edu,Helen,North Korea
nderrettb5@sakura.ne.jp,Nisse,Bolivia
gporteb6@utexas.edu,Garik,Cuba
rpapenb7@typepad.com,Ramsay,Brazil
eseftonb8@is.gd,Elicia,Cameroon
lpedicanb9@un.org,Lucien,Indonesia
cshilstonba@princeton.edu,Christoffer,Canada
ccorballybb@live.com,Carol,Zambia
lpickenbc@lulu.com,Lurette,China
apaliserbd@nba.com,Aeriell,China
nblazevicbe@cyberchimps.com,Nico,Luxembourg
mofenerbf@google.co.jp,Maia,Nicaragua
grudsdellbg@joomla.org,Gay,Norway
acurraghbh@gmpg.org,Adolf,Portugal
dscothronbi@diigo.com,Daryl,United States
rblackhurstbj@paypal.com,Rana,Philippines
vlambartonbk@europa.eu,Verney,Russia
rgreedierbl@blogs.com,Roma,Indonesia
ikingsnorthbm@miitbeian.gov.cn,Irvin,Philippines
rlaversbn@buzzfeed.com,Reggie,Philippines
cmogiebo@edublogs.org,Cosette,Indonesia
esmalmanbp@fc2.com,Erny,Serbia
acarnebq@pbs.org,Abie,China
cuttonbr@github.com,Carma,Russia
gmclenahanbs@ihg.com,Glynis,Spain
lpowriebt@scientificamerican.com,Lorne,Lebanon
sstaintonbu@facebook.com,Susan,China
eporteousbv@foxnews.com,Eydie,Italy
slomanseybw@paginegialle.it,Sonny,Portugal
ehounsombx@studiopress.com,Elyse,Philippines
ncaneroby@illinois.edu,Nickolaus,Honduras
mpyerbz@tinyurl.com,Malissia,Palestinian Territory
femmittc0@senate.gov,Falkner,Palestinian Territory
ctunnicliffec1@addtoany.com,Christoph,Ethiopia
mjimenezc2@qq.com,Micaela,China
hnastc3@fema.gov,Hashim,France
sgaylordc4@goo.ne.jp,Sax,Russia
vabthorpec5@so-net.ne.jp,Vincenty,Belarus
eloundsc6@ehow.com,Emmett,France
ogheerhaertc7@imgur.com,Oberon,France
bfernsc8@howstuffworks.com,Brendon,Brazil
ysaffec9@yelp.com,Yorgo,Peru
mstockerca@vk.com,Melantha,Belarus
hmccuecb@technorati.com,Heath,Russia
abromigecc@domainmarket.com,Anastasie,Colombia
swinslowcd@tinypic.com,Shannen,United States
cwalkdence@ycombinator.com,Cass,China
nlenoircf@netlog.com,Natala,Sweden
dziemcg@webnode.com,Domenic,Brazil
rguerrych@webs.com,Ryun,Liberia
kangoveci@unicef.org,Koressa,Russia
kmanhoodcj@who.int,Kelcie,Tanzania
runsworthck@issuu.com,Redford,Indonesia
ialdiecl@w3.org,Ingeberg,Colombia
lcomiamcm@ed.gov,Leoline,United States
nbellwoodcn@google.com.br,Nevil,Philippines
dlavissco@nba.com,Delcina,Mexico
etwellscp@ycombinator.com,Eleanore,Ukraine
oambrozcq@ibm.com,Oralia,Indonesia
ggaynsfordcr@myspace.com,Grace,Russia
hbremnercs@phoca.cz,Harp,Taiwan
nheakeyct@taobao.com,Nydia,Azerbaijan
bbruincu@si.edu,Brandais,Sweden
lwanklincv@archive.org,Lucas,China
apittlecw@reuters.com,Antonina,China
pstannettcx@zimbio.com,Pauli,Indonesia
nbroggiocy@usatoday.com,Noach,Portugal
fcullumcz@weebly.com,Fredek,Sweden
wmushettd0@cbsnews.com,Wendi,Nigeria
rlittlejohnd1@twitpic.com,Rafe,Sweden
cajeand2@rakuten.co.jp,Charyl,Dominican Republic
rpidwelld3@list-manage.com,Reeba,Russia
sgiveend4@delicious.com,Stevena,Portugal
tmerand5@webs.com,Trev,Indonesia
tsulllyd6@naver.com,Tiena,Indonesia
rsanchesd7@java.com,Reese,Philippines
dtrewarthad8@google.com.hk,Donaugh,Bosnia and Herzegovina
enorthcottd9@imdb.com,Ermengarde,Ukraine
sdumingosda@google.ca,Stesha,Morocco
ashaweldb@instagram.com,Ambrosi,Indonesia
tcicconedc@indiegogo.com,Teodorico,South Africa
delstondd@360.cn,Dominick,Poland
dsilverlockde@intel.com,Darda,Madagascar
cbthamdf@acquirethisname.com,Cynthie,Albania
pbarklydg@hp.com,Page,Canada
sflavertydh@usgs.gov,Susannah,Tajikistan
aperelldi@bluehost.com,Alana,Czech Republic
swadforthdj@lycos.com,Sherilyn,China
afancottdk@amazon.co.jp,Alexis,China
lchaplaindl@pbs.org,Lonee,China
bmerringtondm@gmpg.org,Brewer,Albania
ppersehousedn@wunderground.com,Philippe,China
vmatissoffdo@umn.edu,Valerye,Indonesia
ddeperodp@xrea.com,Deva,New Zealand
mstrobandq@4shared.com,Mollie,China
smassimidr@opensource.org,Silvester,Canada
bsweetenhamds@va.gov,Bernadine,Uzbekistan
mgenthnerdt@nature.com,Minny,Russia
rseyersdu@nsw.gov.au,Reinaldos,Russia
aarkwrightdv@boston.com,Alwin,China
gpoeldw@twitter.com,Gypsy,Indonesia
bsillettdx@bbb.org,Barnaby,Comoros
jcrossandy@blinklist.com,Janene,Indonesia
scastilledz@mac.com,Sher,China
abewseye0@utexas.edu,Anders,Afghanistan
mglayshere1@unblog.fr,Michail,Croatia
sbearblocke2@ocn.ne.jp,Sarena,Slovakia
zthomasene3@mashable.com,Zorine,China
cgeare4@elpais.com,Caryl,United States
tbrundlee5@omniture.com,Teador,Sweden
bhallase6@vk.com,Beltran,China
fbeneditee7@vimeo.com,Frayda,Russia
cidlee8@si.edu,Caesar,China
erowstone9@marriott.com,Earl,France
lchalonerea@admin.ch,Lynda,Russia
jschwandnereb@example.com,Jacinthe,Peru
carmsteadec@businesswire.com,Candra,Tunisia
emunted@reddit.com,Emmie,Kenya
ndanbrookee@over-blog.com,Nils,Hungary
gbloomfieldef@harvard.edu,Georgina,Brazil
tgeroldinieg@china.com.cn,Tremain,Kazakhstan
jrosieeh@fda.gov,Jocko,Tanzania
klangstoneei@timesonline.co.uk,Koren,Costa Rica
mklausewitzej@forbes.com,Maudie,Philippines
cdavionek@businessweek.com,Cori,Belarus
divanonkoel@tripod.com,Di,Brazil
ajamiesonem@twitpic.com,Alene,China
aiannielloen@dedecms.com,Art,Indonesia
tokeyeo@hao123.com,Tessa,China
vmatherep@ask.com,Victoria,Philippines
ihyronseq@themeforest.net,Ianthe,France
dbrecherer@virginia.edu,Donetta,Afghanistan
pobeneyes@soundcloud.com,Pryce,China
pgodthaabet@cisco.com,Phil,China
dklimochkineu@usatoday.com,Derward,Nigeria
bsizlandev@spiegel.de,Berkly,China
vleybanew@chronoengine.com,Valdemar,Netherlands
kdurdleex@biglobe.ne.jp,Kristoforo,Brazil
ezannelliey@1und1.de,Ernst,Philippines
owigglesworthez@ebay.com,Olwen,Brazil
abriskeyf0@google.ca,Arvin,Nigeria
sjayf1@mlb.com,Sacha,Poland
rblaschkef2@google.it,Roth,Luxembourg
lpearlf3@photobucket.com,Lotta,Brazil
gepgravef4@slashdot.org,Gael,Kazakhstan
nmcfetridgef5@yellowpages.com,Noelyn,Russia
dbramwichf6@cnet.com,Darsie,Indonesia
llarnef7@godaddy.com,Lesley,Kazakhstan
rfolletf8@loc.gov,Ronny,Finland
lyankishinf9@pcworld.com,Leontine,Portugal
rjoynsonfa@google.it,Randy,China
jdearingfb@state.gov,Joice,China
lcottinghamfc@vinaora.com,Lindsey,China
jpybusfd@gov.uk,Joseito,Canada
mmealhamfe@studiopress.com,Magnum,China
afantoneff@bloglovin.com,Armstrong,China
rdillestonfg@cdbaby.com,Rona,Norway
avondracekfh@unesco.org,Alexandra,Indonesia
wmellandfi@about.me,Willdon,Latvia
scaldesfj@photobucket.com,Stephen,Indonesia
kdillewayfk@de.vu,Kippy,Poland
bkeablefl@nasa.gov,Bernardina,Lebanon
mhebbornefm@msn.com,Martynne,North Korea
kmauricefn@bandcamp.com,Ki,Portugal
bavrahamofffo@slideshare.net,Brigg,Indonesia
dglassupfp@engadget.com,Davon,Colombia
ryeuletfq@pcworld.com,Rene,Japan
blamplfr@ustream.tv,Bryce,Philippines
cnowellfs@delicious.com,Clayton,Poland
gaveriesft@mail.ru,Georgia,Portugal
amorstattfu@weather.com,Agnes,South Korea
ithorntonfv@yolasite.com,Isiahi,Thailand
tlesaunierfw@topsy.com,Tove,Cameroon
ehampshirefx@shop-pro.jp,Emmie,Afghanistan
vlenahanfy@purevolume.com,Vonni,Indonesia
dfranciscofz@google.ca,Dalli,Finland
lcappellg0@latimes.com,Link,China
kclubbeg1@webs.com,Kassie,Indonesia
cbiggsg2@go.com,Carlos,Honduras
pgladtbachg3@go.com,Phoebe,China
svauxg4@omniture.com,Sebastian,Thailand
eeaglandg5@admin.ch,Eachelle,Russia
lmapsong6@squarespace.com,Lucius,Honduras
sevendeng7@who.int,Stan,China
cpenticootg8@taobao.com,Constantina,China
eborboroughg9@xinhuanet.com,Elianora,Poland
gsealeafga@pen.io,Gertrude,China
lmcinteergb@uiuc.edu,Loralie,China
hdismoregc@surveymonkey.com,Hy,Poland
dludwiggd@mapquest.com,Dale,Mexico
thollyerge@usatoday.com,Tarrah,Canada
mchambersgf@hugedomains.com,Marlane,Brunei
awiggingg@java.com,Adriena,Ukraine
vprozesckygh@google.nl,Violante,Greece
cmacgeaneygi@ucoz.ru,Clair,Portugal
gnowlangj@upenn.edu,Gunter,Brazil
jbeamishgk@abc.net.au,Jorey,Mexico
jspellacygl@miibeian.gov.cn,Jacquelynn,Tajikistan
jzukermangm@behance.net,Jolee,Indonesia
oewbankegn@webmd.com,Ollie,Macedonia
mmcsweeneygo@e-recht24.de,Meridel,Russia
clongstaffegp@stumbleupon.com,Cirstoforo,Saudi Arabia
dtresvinagq@netlog.com,Deonne,Brazil
ckerridgegr@bbb.org,Casi,Ukraine
gcunniamgs@cbslocal.com,Gibbie,Indonesia
morneblowgt@delicious.com,Matthiew,China
rpridmoregu@google.ru,Rex,Russia
fscurrgv@behance.net,Feodora,Aland Islands
mdebruingw@amazonaws.com,Maryanne,Norway
lferrimangx@howstuffworks.com,Lynnelle,France
rgrattangy@google.com.hk,Rhoda,China
ggronauergz@mysql.com,Gae,China
zraddanh0@unicef.org,Zenia,Greece
hvasichevh1@1und1.de,Halli,China
sabarrowh2@globo.com,Sabra,Afghanistan
mtrevinoh3@timesonline.co.uk,Minerva,Panama
hparkhouseh4@nytimes.com,Heddi,Argentina
jmuspratth5@smh.com.au,Jonis,Greece
smerwedeh6@facebook.com,Shaine,Japan
jantosikh7@dmoz.org,Jonie,Russia
bkallh8@epa.gov,Blair,China
erosash9@webnode.com,Ely,Chile
corltonha@china.com.cn,Charis,Canada
acasebournehb@bluehost.com,Arielle,Brazil
cbadhamhc@freewebs.com,Chrissy,Japan
kfitzpaynhd@myspace.com,Kennan,France
helsegoodhe@berkeley.edu,Henderson,Indonesia
nbefroyhf@omniture.com,Novelia,China
nfassbenderhg@mac.com,Niki,Portugal
critterhh@archive.org,Cris,Indonesia
ademchenhi@cdc.gov,Adair,China
fworralhj@rambler.ru,Finlay,United States
collanderhk@buzzfeed.com,Carlen,Sweden
rlanghl@tumblr.com,Rorie,China
dbilthm@fda.gov,Derrik,Brazil
ggeorgiushn@php.net,Gradeigh,Nigeria
tadanezho@eepurl.com,Trevor,China
eclashhp@drupal.org,Ebonee,Philippines
atidderhq@cnbc.com,Ashil,Argentina
hsantorahr@usatoday.com,Henryetta,Russia
thansberryhs@sohu.com,Tonya,Philippines
mleatherborrowht@com.com,Mycah,Poland
srapaporthu@dedecms.com,Shayne,Indonesia
ddorsayhv@cocolog-nifty.com,Darell,Cuba
dabelovitzhw@mit.edu,Dall,Ethiopia
jdyhousehx@mail.ru,Jens,China
mscrasehy@netscape.com,Marven,Russia
tocurranehz@washingtonpost.com,Trent,Pakistan
cenneveri0@google.cn,Carolann,Russia
lnairnei1@facebook.com,Laurella,Democratic Republic of the Congo
brosieri2@51.la,Betta,Russia
kgreenhalfi3@europa.eu,Kennett,Argentina
rsalsbergi4@slideshare.net,Rudd,Morocco
abetoni5@sciencedirect.com,Antonie,Philippines
gshellidayi6@un.org,Greg,Thailand
bpedeli7@seattletimes.com,Brian,Sweden
lhaseleyi8@jiathis.com,Lethia,Philippines
tpurvessi9@delicious.com,Terrell,Sweden
esummersettia@usnews.com,Ernest,Indonesia
bshitliffib@cisco.com,Barr,Poland
slaidlowic@soup.io,Sonia,France
wperkinid@cisco.com,Wilhelmine,Indonesia
fparramie@g.co,Frasco,Russia
rstolleryif@pagesperso-orange.fr,Rolph,Guatemala
lmargachig@ed.gov,Lynette,Saint Kitts and Nevis
jkemmeih@noaa.gov,Jolene,Norway
mpratteii@mysql.com,Mary,China
bgasonij@addtoany.com,Brenn,Canada
jkiellorik@over-blog.com,Jeffrey,Russia
drepperil@businessweek.com,Dominga,Finland
dplewmanim@theglobeandmail.com,Dina,Thailand
nlatteyin@gravatar.com,Nolly,China
mprembleio@list-manage.com,Marilyn,Nigeria
rganiclefip@google.com.au,Rolfe,Russia
gdurrantiq@spiegel.de,Gilberta,Canada
jcrampseyir@loc.gov,Jo-anne,China
fvaneschiis@scribd.com,Florance,South Korea
tmurrisonit@cbsnews.com,Troy,Malaysia
bdibiasioiu@google.pl,Barnabas,Philippines
gredfordiv@is.gd,Goldie,Vietnam
kwicheriw@wired.com,Kris,Mexico
dlowix@about.me,Damita,China
gchasemooreiy@eventbrite.com,Gigi,Indonesia
tteaseyiz@wordpress.com,Trisha,Croatia
lmoorej0@about.com,Loren,Ukraine
jtoffolettoj1@nymag.com,Jerrie,Belarus
bprettymanj2@eventbrite.com,Baillie,China
pbarnissj3@fc2.com,Pauli,China
ehitchensj4@cbslocal.com,Emlen,Philippines
jgabitisj5@si.edu,Jake,Indonesia
jhaylandj6@mapy.cz,Javier,Philippines
msadgrovej7@google.es,Madlen,Russia
rgorsej8@chron.com,Riane,Venezuela
bflecknoj9@nih.gov,Benyamin,Brazil
mbeckmannja@rediff.com,Madelena,Iran
akowalskijb@ow.ly,Alfonse,Greece
nreadjc@digg.com,Nada,China
ggeldartjd@ow.ly,Gian,China
tvallensje@abc.net.au,Tom,United States
gbroschjf@tinypic.com,Gaylord,Georgia
wstratfordjg@yale.edu,Wendall,China
kgadaudjh@dedecms.com,Kriste,Japan
kcrewesji@cdbaby.com,Karlene,Indonesia
emudiejj@tinyurl.com,Eolande,Indonesia
sharefootjk@nbcnews.com,Sonny,France
osabanjl@behance.net,Onfre,Egypt
pleerjm@nydailynews.com,Poppy,China
igierkejn@tumblr.com,Ives,Pakistan
jnaismithjo@ft.com,Jo ann,China
sfordhamjp@flavors.me,Sofia,Sweden
dsherwinjq@google.co.uk,Delainey,China
jrispinjr@amazonaws.com,Jillana,China
bpugsleyjs@merriam-webster.com,Basilius,China
hericksonjt@1688.com,Holt,Indonesia
bgladdingju@time.com,Benyamin,Ivory Coast
fpettegrejv@mapquest.com,Fallon,Poland
fcarabinejw@techcrunch.com,Forrester,China
abawmejx@i2i.jp,Annnora,Brazil
rbynethjy@over-blog.com,Rosana,China
ahakenjz@parallels.com,Allsun,Switzerland
ebilsonk0@indiatimes.com,Emmalynne,China
hallinghamk1@whitehouse.gov,Hillie,Colombia
ksimoninik2@ameblo.jp,Kimble,Uruguay
mburnsallk3@delicious.com,Mireielle,Portugal
aluciank4@digg.com,Ash,Greece
ggrotek5@elpais.com,Gwendolen,Uzbekistan
cmourniank6@mozilla.org,Carolan,Portugal
mlanghornek7@ezinearticles.com,Mela,Indonesia
pgaulerk8@ted.com,Pavlov,Aland Islands
acokerk9@bigcartel.com,Alexis,China
pfurslandka@irs.gov,Peggy,Russia
cyanshinovkb@vimeo.com,Claudie,United States
sbeeviskc@deviantart.com,Sarita,Mexico
cphillpkd@friendfeed.com,Cyrus,Norway
haimerke@forbes.com,Hewie,China
lstannahkf@discuz.net,Lusa,Greece
jscousekg@engadget.com,Jeremias,China
ksommervillekh@narod.ru,Kriste,Portugal
kcummungski@loc.gov,Kiah,China
lpietrzykkj@biblegateway.com,Lorenza,United States
dblanckleykk@home.pl,Doloritas,Spain
dbeaconkl@reddit.com,Dael,Nicaragua
nhaskeykm@wikipedia.org,Norina,Indonesia
mstallardkn@opensource.org,Max,Philippines
fdurhamko@cbslocal.com,Finley,Indonesia
mcolumbellkp@wsj.com,Mart,Indonesia
cgemellikq@wisc.edu,Chico,China
fhaineskr@elpais.com,Fleur,China
fstelfoxks@xing.com,Florian,Macedonia
jdutnallkt@ifeng.com,Janka,Indonesia
sgiffku@nationalgeographic.com,Sammie,Portugal
ldibiagiokv@businesswire.com,Lucina,Greece
marminkw@npr.org,Marsh,France
dabadekx@yelp.com,Darda,Myanmar
msausmanky@prweb.com,Mort,Philippines
kwhateskz@jugem.jp,Kaile,Russia
blinnemanl0@jiathis.com,Bret,Czech Republic
lromel1@ovh.net,Lissa,Colombia
aflemmichl2@edublogs.org,Augy,Brazil
ptrolleyl3@google.de,Pace,China
oorganl4@de.vu,Oran,Latvia
acausierl5@hatena.ne.jp,Aprilette,Suriname
glyddiardl6@mapquest.com,Gay,Brazil
nfettiplacel7@storify.com,Noelani,Slovenia
fpanniersl8@fema.gov,Fulton,Nigeria
pdovidianl9@unc.edu,Piper,China
dpawelecla@army.mil,Ddene,Nepal
rpercivallb@nyu.edu,Regan,Brazil
mmcbratneylc@histats.com,Marshal,United States
adeboickld@craigslist.org,Aloisia,Russia
vattridele@constantcontact.com,Virgilio,Armenia
clegginlf@unesco.org,Christoph,South Africa
hgabbetislg@sina.com.cn,Husain,Thailand
bkintzellh@4shared.com,Beulah,China
bgendersli@elegantthemes.com,Brew,China
dkehirlj@ftc.gov,Dulce,Bulgaria
vrappaportlk@answers.com,Vincenty,Pakistan
udoddingll@mayoclinic.com,Ulick,Brazil
ccapewelllm@unicef.org,Caryl,Netherlands
bmobiusln@omniture.com,Bartlet,Indonesia
rvondralo@scientificamerican.com,Rubi,China
lwhitfeldlp@spotify.com,Lynea,South Korea
mlambislq@zdnet.com,Marybeth,France
aringerlr@google.cn,Arlin,Guam
lrockwellls@deviantart.com,Lorna,China
pfrancklynlt@time.com,Pet,China
dsaldlerlu@soundcloud.com,Devin,China
btrusslovelv@friendfeed.com,Bea,Greece
lfranzenlw@exblog.jp,Leeann,Russia
mpawelleklx@ca.gov,Marysa,Mali
bpinderly@deliciousdays.com,Burnaby,Philippines
asilklz@fc2.com,Aimil,Russia
cjeandotm0@senate.gov,Constantino,Bosnia and Herzegovina
rstanifordm1@tuttocitta.it,Roselin,Somalia
kkillikm2@purevolume.com,Kelley,China
estruthersm3@boston.com,Ekaterina,Indonesia
bswindellsm4@techcrunch.com,Binky,France
dcrutchfieldm5@ftc.gov,Devlen,Norway
ccastellanm6@time.com,Cristin,Brazil
twaddamm7@pinterest.com,Toni,Afghanistan
idominellim8@photobucket.com,Ileane,China
pbeinischm9@taobao.com,Paulie,Russia
rbillsonma@rediff.com,Rahal,France
jhuggonsmb@about.com,Julian,China
cspridgeonmc@opensource.org,Carrie,Iran
derrickermd@statcounter.com,Diannne,Argentina
aheiferme@ucoz.com,Alvie,Iran
zperetmf@miitbeian.gov.cn,Zebedee,China
dhemerijkmg@engadget.com,Darcie,China
dperchemh@marketwatch.com,Dilly,China
bkiddemi@desdev.cn,Bekki,Mexico
odabrowskimj@over-blog.com,Olivero,Burkina Faso
sjacklingsmk@nyu.edu,Seumas,Brazil
fduffieldml@psu.edu,Fredrika,China
codoghestymm@psu.edu,Caitrin,Indonesia
tmattackmn@google.ca,Torrance,Indonesia
drubimo@jugem.jp,Dean,Iran
snappinmp@bravesites.com,Salvidor,Poland
tpohlkemq@princeton.edu,Thorn,Vietnam
kdorseymr@comcast.net,Kathryne,China
awilcockesms@phoca.cz,Arlette,Portugal
hleonardemt@sciencedaily.com,Heidi,Portugal
ldiamentmu@netvibes.com,Livvyy,China
thuckemv@cargocollective.com,Tami,Mexico
lpinkmw@oakley.com,Lynnett,Philippines
ghakingmx@canalblog.com,Grazia,China
cconyersmy@mapy.cz,Clea,China
rbarltropmz@wp.com,Ray,South Africa
ethurlbournen0@abc.net.au,Elfreda,China
jdearelln1@yellowbook.com,Johanna,China
frattenberien2@free.fr,Felike,Malaysia
rethersonn3@prlog.org,Rossy,Finland
vwhiteoakn4@discovery.com,Vittorio,Ukraine
llestrangen5@google.nl,Linette,Portugal
kiacobaccin6@chicagotribune.com,Kellie,Greece
brehmn7@columbia.edu,Brandea,China
wpeironen8@uol.com.br,Whitaker,Poland
rwhitewoodn9@nih.gov,Rozanne,Sweden
dcoucherna@tinypic.com,Dewie,Cambodia
jhawkswellnb@bbb.org,Jeannette,Venezuela
khrachovecnc@ed.gov,Karna,Indonesia
bantyukhinnd@google.pl,Brandon,Peru
apharrone@theguardian.com,Augy,Portugal
afishpondnf@cdc.gov,Alfie,Croatia
mrojng@weibo.com,Martina,Ukraine
bcoppledikenh@noaa.gov,Bobbie,Kenya
achownni@msn.com,Avie,Indonesia
mdendlenj@google.nl,Marie-ann,Indonesia
tfreirenk@yelp.com,Tiffy,France
nbrogininl@japanpost.jp,Noelle,Brazil
shammersleynm@ovh.net,Samara,Brazil
eeilhartnn@163.com,Elton,Honduras
ogrigorino@cafepress.com,Obed,Vietnam
kommanneynp@multiply.com,Katrine,Argentina
wmuldrewnq@fema.gov,Wandis,Argentina
rrelfnr@sitemeter.com,Ravi,China
hrojahnns@state.gov,Hall,Indonesia
pneednt@posterous.com,Poppy,Japan
fscurfieldnu@phoca.cz,Flint,Mongolia
fdonovannv@etsy.com,Florinda,Poland
moverstallnw@yahoo.co.jp,Mamie,China
cphilipartnx@psu.edu,Cariotta,Indonesia
rbootny@reddit.com,Ransell,Philippines
mupexnz@blogs.com,Matthieu,China
cjaimeo0@ihg.com,Curtice,Philippines
jpenritho1@dyndns.org,Jameson,South Korea
wgoodfelloweo2@reverbnation.com,Werner,Russia
cgoldsacko3@123-reg.co.uk,Crawford,China
swrightsono4@issuu.com,Sybyl,Indonesia
pofihilyo5@sbwire.com,Peta,Indonesia
cmerielo6@huffingtonpost.com,Cloris,China
ghatliffo7@freewebs.com,Gennifer,Peru
ckivlehano8@t.co,Clayton,Colombia
kisacoffo9@gravatar.com,Kaylyn,Brazil
fcourtonneoa@feedburner.com,Francis,China
mertelob@lycos.com,Mateo,Nigeria
rswalesoc@bbb.org,Reiko,Sweden
nhenrionotod@amazon.de,Nathanial,Russia
ffoortoe@chicagotribune.com,Fedora,Poland
edrohunof@freewebs.com,Elisabet,Indonesia
rtrevorog@goo.gl,Remington,Argentina
hkordingoh@auda.org.au,Hagan,Syria
iranscomeoi@google.com.hk,Imojean,United States
vdottrelloj@tripadvisor.com,Viviene,Colombia
rclougherok@yandex.ru,Rawley,Indonesia
salleryol@netscape.com,Salomi,Brazil
mvinecombeom@oaic.gov.au,Maris,China
imcgallon@chicagotribune.com,Ivan,Philippines
adebernardisoo@sciencedaily.com,Abigale,Poland
imericop@canalblog.com,Idalina,Sweden
bspinigeoq@privacy.gov.au,Billy,Portugal
zposnetteor@vkontakte.ru,Zebulon,Sweden
tfarnanos@ehow.com,Twyla,China
tnindot@springer.com,Tann,United States
oghiottoou@tinyurl.com,Oliy,Poland
ashurmanov@meetup.com,Astra,Chile
kfurberow@loc.gov,Krystal,Peru
tciceroox@cbslocal.com,Tadio,Japan
cdoonicanoy@istockphoto.com,Collen,China
gmangamoz@squidoo.com,Gerik,Colombia
yninnisp0@ebay.com,Yank,Macao
sstandellp1@blog.com,Sena,Philippines
lseifp2@archive.org,Lynde,Colombia
mblythp3@army.mil,Maryellen,United States
blympanyp4@cnbc.com,Bourke,Guatemala
jtoonp5@theglobeandmail.com,Jeri,China
rlintinp6@rakuten.co.jp,Riley,Tanzania
wstrephanp7@engadget.com,Willard,Indonesia
sharmestonp8@hc360.com,Sergent,Ukraine
bodoghestyp9@wufoo.com,Bruis,Iraq
mheddypa@yolasite.com,Maiga,Philippines
gkinneypb@fastcompany.com,Gilburt,Guadeloupe
lleekepc@ebay.co.uk,Lou,Indonesia
rnavarijopd@sohu.com,Renae,China
lrylespe@ed.gov,Lyssa,Philippines
coldreypf@nasa.gov,Cece,Poland
lmoaksonpg@google.com,Lia,China
amoyph@tiny.cc,Abbi,Japan
bmuskpi@google.co.uk,Bren,China
tdaintonpj@etsy.com,Trula,Brazil
pgilloolypk@github.io,Peggy,United States
drelfpl@hao123.com,Donia,Indonesia
aevamypm@google.co.jp,Ariana,Brazil
bkeeganpn@shinystat.com,Benedetto,China
dowlnerpo@google.co.jp,Daisi,Nigeria
afallspp@scribd.com,Aurel,Indonesia
dleemanspq@archive.org,Dru,Philippines
nmacgiollapheadairpr@engadget.com,Nicky,Ecuador
jharsumps@com.com,Janine,China
despinpt@buzzfeed.com,Danni,Indonesia
mjellicorsepu@skype.com,Melissa,Egypt
mluckespv@oaic.gov.au,Melesa,Portugal
ablezardpw@google.ca,Ari,Poland
abolliverpx@sphinn.com,Aurea,China
pwhetherpy@si.edu,Pandora,France
aghiottopz@shinystat.com,Anett,Poland
bwaycottq0@fastcompany.com,Bibbie,France
swurzq1@miitbeian.gov.cn,Shannah,China
lrosenbergq2@state.tx.us,Leonora,China
estummeyerq3@ning.com,Emlyn,Poland
bbadseyq4@dyndns.org,Bryn,Portugal
mgribbleq5@163.com,Melodie,United States
rmetsonq6@amazon.co.uk,Ros,Portugal
bcathroq7@meetup.com,Blondy,Poland
dmccourtieq8@irs.gov,Douglass,China
bwybourneq9@buzzfeed.com,Bernardo,Indonesia
dgomezqa@usgs.gov,Dianemarie,Eritrea
gfaersqb@edublogs.org,Giustino,Myanmar
vpinyonqc@alibaba.com,Vidovik,Indonesia
ptabardqd@theglobeandmail.com,Parke,China
sesbyqe@mediafire.com,Selia,Nigeria
blydiattqf@fda.gov,Bendix,Indonesia
iedelheitqg@senate.gov,Imelda,Croatia
cganniclifftqh@4shared.com,Clari,Philippines
rlimeburnqi@dedecms.com,Ravi,Poland
aflaniganqj@google.cn,Ashton,Canada
ebooelnqk@plala.or.jp,Esme,China
mkingswoldql@china.com.cn,Micky,China
fpharaohqm@unblog.fr,Fitzgerald,Brazil
amckinieqn@patch.com,Ag,China
lbeeckqo@google.com.br,Leslie,Serbia
laberhartqp@icq.com,Lukas,Mexico
sporttqq@dedecms.com,Siward,Philippines
aburnhardqr@cmu.edu,Anett,Sweden
bgreeveqs@bloglovin.com,Bari,China
smarklqt@cyberchimps.com,Stafford,Poland
psteeplesqu@rambler.ru,Paula,Nigeria
xlembckeqv@google.com.br,Ximenez,Mexico
csheaqw@shareasale.com,Clem,Ireland
anagleqx@hibu.com,Alaric,Portugal
dgreenstockqy@princeton.edu,Derby,Russia
ptitmussqz@nba.com,Paolo,France
rgiovannir0@qq.com,Rudyard,China
rduvalr1@wunderground.com,Ricki,Russia
chelderr2@rambler.ru,Catherina,Sweden
agodmerr3@mayoclinic.com,Adore,France
mshoner4@github.io,Moises,Italy
ealpesr5@va.gov,Elbert,Palestinian Territory
jduddinr6@about.com,Juliane,Indonesia
shurlingr7@techcrunch.com,Susanne,Portugal
binglestonr8@discuz.net,Bethanne,Indonesia
sslimmingr9@cargocollective.com,Skell,Russia
zscreenra@time.com,Zollie,Poland
lfozardrb@sciencedirect.com,Ludovika,Denmark
cstickneyrc@ibm.com,Christal,United States
jyashinrd@edublogs.org,Jolynn,Peru
dmarvalre@marriott.com,Daffie,Czech Republic
cebleinrf@examiner.com,Cecily,Russia
kklaiserrg@w3.org,Ker,Indonesia
mfaheyrh@creativecommons.org,Mora,Yemen
ekirmanri@soup.io,Emogene,Czech Republic
awinchcomberj@liveinternet.ru,Adena,Cameroon
bvonderemptenrk@wikia.com,Benn,China
sbadmanrl@issuu.com,Sher,Bulgaria
afehelyrm@mapy.cz,Anallise,Namibia
dpattersonrn@unc.edu,Del,Poland
gprobbinro@illinois.edu,Greg,Indonesia
darchbaldrp@google.pl,Deane,Thailand
aboynrq@artisteer.com,Agnesse,China
gwheatcroftrr@shareasale.com,Gradeigh,Russia
