mdumbrall0@spotify.com,142,770,6139,139,5/22/2024
pingamells1@privacy.gov.au,164,1815,5694,3,6/21/2023
ncoult2@yale.edu,98,264,1362,42,12/29/2023
blapping3@ucla.edu,149,862,4639,168,12/17/2023
lrodda4@craigslist.org,62,1114,4091,137,10/27/2023
ostannus5@people.com.cn,185,979,6704,147,7/10/2023
sbutter6@liveinternet.ru,91,882,4442,89,2/14/2024
csealove7@wordpress.com,104,1502,4735,233,8/19/2023
cdanell8@miibeian.gov.cn,84,1184,2282,169,5/28/2024
rchezier9@hp.com,83,1349,4252,120,5/19/2024
kkingwella@smugmug.com,132,1016,5269,213,12/14/2023
cstaileyb@issuu.com,133,1699,4683,29,6/14/2023
jalexanderssonc@netlog.com,192,523,6522,203,2/22/2024
lalliband@phoca.cz,76,1372,416,74,10/23/2023
bmatokhnine@thetimes.co.uk,80,65,1192,163,5/14/2024
nfreshwaterf@scribd.com,175,1580,1789,153,2/5/2024
askirling@ucoz.com,184,1675,1057,7,5/7/2024
cdingh@theguardian.com,121,97,3339,6,8/20/2023
whoverti@loc.gov,126,482,4387,142,12/2/2023
emasselinj@patch.com,129,1974,1949,238,11/26/2023
jmichielk@dyndns.org,104,732,6520,174,9/7/2023
gcostanl@techcrunch.com,121,1406,27,70,12/20/2023
sreanm@pagesperso-orange.fr,127,1930,4223,65,2/11/2024
bayreen@acquirethisname.com,80,804,4992,229,7/23/2023
rdrakeo@cloudflare.com,103,394,6015,219,5/18/2024
rshelmerdinep@netvibes.com,197,38,4568,135,8/4/2023
aparrenq@fastcompany.com,74,1717,2608,235,1/13/2024
gvongrollmannr@woothemes.com,160,714,4819,27,5/17/2023
ceavess@hugedomains.com,188,692,6612,209,1/24/2024
opeerst@last.fm,92,953,428,72,8/30/2023
ssayu@clickbank.net,72,589,1996,240,3/7/2024
emilvarniev@salon.com,169,1987,900,142,6/14/2024
vspeakw@bloglines.com,143,767,170,175,9/16/2023
mhandmorex@tuttocitta.it,76,1272,3990,50,6/8/2024
tmccaugheyy@wikia.com,154,1753,928,110,3/21/2024
wmattaserz@booking.com,136,1438,82,57,9/26/2023
gdruitt10@360.cn,188,237,3521,43,5/2/2024
pdanielian11@wikipedia.org,88,549,2759,202,5/9/2024
wdarlison12@omniture.com,81,1882,2525,49,12/11/2023
nbarrass13@ft.com,154,422,3158,16,10/17/2023
ntorr14@loc.gov,161,98,4912,149,6/28/2023
mheining15@g.co,142,143,837,71,10/27/2023
psturgeon16@kickstarter.com,88,1249,6499,91,10/16/2023
rffrench17@gov.uk,169,1998,3516,107,7/5/2023
mcronkshaw18@squarespace.com,81,120,3059,129,4/29/2024
lmacparlan19@dropbox.com,135,148,882,190,8/31/2023
sgribbins1a@google.de,75,36,845,154,8/6/2023
rbarthram1b@unc.edu,113,371,3075,162,5/29/2023
vpiggot1c@flavors.me,114,1456,5869,180,5/13/2023
ddaveridge1d@people.com.cn,191,1747,3986,118,5/17/2023
ckingswoode1e@columbia.edu,92,407,356,129,5/14/2024
npeetermann1f@twitter.com,153,1914,4310,113,2/1/2024
tcolles1g@answers.com,75,1054,5208,216,6/26/2023
aogorman1h@usgs.gov,139,380,3590,47,7/28/2023
lskene1i@noaa.gov,91,1922,22,134,12/29/2023
ddonohoe1j@princeton.edu,85,1798,2297,206,6/14/2023
fgeleman1k@netscape.com,97,529,419,91,1/17/2024
cbrookzie1l@dyndns.org,183,1713,2684,44,10/9/2023
bkirton1m@tripadvisor.com,84,783,2869,79,12/19/2023
egaytor1n@mozilla.com,121,1504,4202,213,5/18/2024
akenright1o@prweb.com,182,597,2889,111,2/4/2024
arimbault1p@alibaba.com,170,1455,2513,230,5/20/2023
awaterland1q@bigcartel.com,103,1369,2140,68,2/27/2024
abowley1r@behance.net,74,1672,2349,232,4/14/2024
fpalffy1s@wired.com,142,528,2687,140,9/14/2023
uramshay1t@utexas.edu,175,1233,3943,224,11/20/2023
tmcandrew1u@blog.com,80,375,4229,24,1/9/2024
plebarre1v@list-manage.com,77,1144,4112,224,5/28/2023
rchasle1w@twitpic.com,188,144,3702,19,10/12/2023
dchicken1x@opensource.org,79,18,3839,113,9/20/2023
cduchateau1y@creativecommons.org,144,1262,3509,91,8/27/2023
delford1z@yellowpages.com,147,726,3149,72,3/31/2024
ehaycock20@harvard.edu,95,1026,1968,172,11/20/2023
byouthed21@ifeng.com,156,1192,6027,148,6/10/2024
ilusher22@github.io,92,1853,1686,159,6/5/2024
jcortin23@loc.gov,141,652,15,130,9/29/2023
kacomb24@angelfire.com,149,1762,2205,88,5/20/2024
mgenner25@odnoklassniki.ru,88,63,156,162,7/24/2023
afutcher26@yahoo.com,141,1376,3003,165,12/8/2023
fburleigh27@adobe.com,93,493,5453,94,6/23/2023
wwhicher28@jiathis.com,171,1063,344,190,6/16/2024
ethickett29@merriam-webster.com,72,1241,5191,97,5/4/2023
chintze2a@youtu.be,80,1777,5449,34,7/4/2023
vharber2b@time.com,67,1554,6809,45,11/14/2023
dpales2c@technorati.com,87,719,4582,84,12/6/2023
pbyre2d@simplemachines.org,109,1172,2229,79,11/20/2023
vridolfo2e@indiegogo.com,171,627,2680,194,2/28/2024
mhardisty2f@squarespace.com,83,26,1254,132,10/3/2023
apollok2g@de.vu,98,1281,6768,22,6/24/2023
ahungerford2h@nba.com,193,1853,3577,59,6/12/2023
ofrichley2i@auda.org.au,146,1573,1329,102,6/3/2023
mroantree2j@washington.edu,137,404,5935,217,8/28/2023
apickance2k@house.gov,68,1639,426,149,11/14/2023
iroderigo2l@blogger.com,166,1138,205,49,9/24/2023
vtomich2m@vk.com,106,1095,5499,17,1/12/2024
asex2n@xing.com,161,582,835,107,5/29/2023
mdundendale2o@behance.net,152,391,1678,110,12/1/2023
jflaubert2p@ucsd.edu,96,978,3687,112,5/18/2023
lschinetti2q@amazon.de,146,611,3003,93,1/11/2024
mcridlon2r@xinhuanet.com,172,1163,3248,177,3/5/2024
ctatton2s@latimes.com,145,245,2561,27,10/11/2023
kglazer2t@booking.com,198,471,1209,121,11/6/2023
dlesieur2u@51.la,158,1618,966,162,1/5/2024
cdilrew2v@mayoclinic.com,186,1545,1776,146,6/6/2023
gburel2w@1688.com,95,1583,6320,132,10/5/2023
sdalesco2x@utexas.edu,149,1576,2179,175,6/15/2024
mbosworth2y@marriott.com,65,497,3523,108,6/6/2023
drosenauer2z@nps.gov,191,506,5588,92,2/25/2024
npinnick30@weibo.com,94,1306,4970,139,8/20/2023
gtallow31@com.com,105,55,5851,216,5/9/2023
pcardwell32@naver.com,198,736,3231,13,4/24/2024
rcappineer33@1und1.de,122,1743,124,62,1/22/2024
esive34@clickbank.net,80,1335,271,178,7/18/2023
tachrameev35@seattletimes.com,94,1125,6836,80,12/30/2023
ophillimore36@bizjournals.com,160,1609,3138,47,7/27/2023
rlegh37@wikispaces.com,182,92,1058,212,7/11/2023
ktibb38@t-online.de,198,593,1540,207,4/3/2024
lmitkov39@yandex.ru,98,72,2000,202,6/9/2024
kbreedy3a@umich.edu,110,1054,1183,159,4/14/2024
cvodden3b@surveymonkey.com,178,1157,2698,228,11/26/2023
kstannis3c@go.com,184,1185,2884,26,6/29/2023
rtotaro3d@naver.com,159,1696,3676,150,11/28/2023
ctalbot3e@delicious.com,84,1656,2570,181,12/17/2023
lfranciotti3f@ezinearticles.com,63,74,2880,73,7/23/2023
geste3g@berkeley.edu,147,337,4122,108,8/8/2023
cmaiden3h@biglobe.ne.jp,177,207,6487,40,2/21/2024
pneasham3i@accuweather.com,116,1404,2565,37,3/8/2024
nortell3j@mozilla.org,122,839,3507,166,3/10/2024
dlebosse3k@livejournal.com,138,316,1818,66,9/29/2023
wcartan3l@ehow.com,165,1100,1954,203,4/26/2024
mwaterfield3m@marketwatch.com,126,1632,5922,178,8/6/2023
ghoulworth3n@typepad.com,123,1814,3333,70,4/8/2024
ajakubowski3o@furl.net,62,370,6975,171,6/14/2024
lkevern3p@blog.com,180,911,6050,150,8/18/2023
hvaller3q@prnewswire.com,129,1088,4852,58,5/16/2023
lborrill3r@gizmodo.com,66,1177,1276,116,11/28/2023
cbench3s@friendfeed.com,176,1189,3870,201,1/10/2024
wgorse3t@tuttocitta.it,82,756,1309,97,8/20/2023
tpilmer3u@macromedia.com,146,702,4827,3,12/15/2023
amcevilly3v@blogger.com,188,162,303,60,10/12/2023
ddegliantoni3w@odnoklassniki.ru,88,1886,3397,240,11/6/2023
lchew3x@weebly.com,105,1241,4589,91,5/25/2024
hkollatsch3y@odnoklassniki.ru,93,633,2299,99,12/22/2023
hcreggan3z@irs.gov,60,1812,2524,26,10/5/2023
etidey40@techcrunch.com,151,1,1646,19,6/13/2023
dbailey41@desdev.cn,198,398,5580,9,6/5/2023
jkrzyzowski42@icq.com,100,421,827,109,8/8/2023
nminucci43@sun.com,197,1557,2518,162,6/5/2024
gshoebottom44@vinaora.com,72,1471,5992,15,8/12/2023
cwareing45@google.fr,67,480,5287,122,12/24/2023
bfroschauer46@china.com.cn,175,1488,4926,240,12/4/2023
avickar47@pagesperso-orange.fr,72,201,2535,85,5/4/2023
gkrauze48@icio.us,87,259,4709,212,7/25/2023
hquinby49@exblog.jp,118,728,538,194,3/4/2024
fsedgman4a@blogspot.com,92,1510,487,95,12/27/2023
kcagan4b@reverbnation.com,193,71,4464,171,11/1/2023
ccuming4c@google.de,168,998,3946,104,3/16/2024
bklimuk4d@sfgate.com,112,754,1465,93,11/8/2023
gkingsford4e@about.com,146,252,1486,77,5/1/2024
eextal4f@prlog.org,99,953,791,199,6/4/2024
fbrodest4g@wix.com,160,846,1090,146,4/2/2024
asharpous4h@sbwire.com,198,776,4296,217,7/2/2023
ccharnick4i@noaa.gov,146,9,680,205,9/12/2023
oterrell4j@sogou.com,128,897,1636,167,1/21/2024
jhadigate4k@free.fr,62,1660,1456,40,11/22/2023
candries4l@bizjournals.com,134,852,4397,194,12/1/2023
hnottingam4m@yahoo.co.jp,134,1043,196,225,10/19/2023
kquested4n@issuu.com,173,521,2861,220,8/10/2023
gjosum4o@tripadvisor.com,175,1343,740,103,2/17/2024
tbache4p@time.com,174,1276,6808,143,8/12/2023
nmacy4q@businesswire.com,165,112,4997,58,5/6/2023
rdybell4r@nsw.gov.au,101,1359,5064,207,6/13/2023
dwhittier4s@dedecms.com,137,638,663,229,6/1/2024
lbleby4t@so-net.ne.jp,103,342,6253,119,1/12/2024
brawdall4u@nature.com,161,1706,5735,19,6/16/2024
gfowlie4v@auda.org.au,101,379,2675,83,6/6/2024
lthrelfall4w@ning.com,118,125,6887,100,8/26/2023
knavan4x@spotify.com,77,1648,2990,51,5/18/2023
etemperley4y@over-blog.com,170,1408,644,116,3/26/2024
abrothwell4z@bloglovin.com,99,1701,1020,197,10/29/2023
wchoake50@diigo.com,168,810,6857,194,5/19/2023
ezorzin51@amazon.co.jp,158,969,4823,133,3/26/2024
rpinyon52@privacy.gov.au,132,1518,6350,136,11/14/2023
bblazey53@csmonitor.com,133,678,552,77,10/24/2023
vvansaltsberg54@nhs.uk,83,1760,1482,98,4/10/2024
mritchman55@dmoz.org,177,228,46,11,6/4/2024
bfeatherstone56@dyndns.org,88,1970,3005,35,2/5/2024
jphilippet57@smugmug.com,136,1624,3914,25,5/24/2024
fbalducci58@tiny.cc,121,866,4628,127,2/26/2024
bbrent59@howstuffworks.com,84,752,1321,56,6/6/2024
achezier5a@boston.com,74,471,3538,55,7/20/2023
tjennaroy5b@jiathis.com,110,1604,396,36,2/11/2024
kdeas5c@mac.com,158,1396,1345,225,1/28/2024
rlardner5d@myspace.com,108,1118,5282,63,9/10/2023
jyakob5e@163.com,146,569,2098,70,7/31/2023
lryle5f@fda.gov,110,838,4660,17,11/20/2023
aantonignetti5g@scientificamerican.com,113,396,591,24,7/27/2023
mharbord5h@icq.com,162,1786,3431,13,8/9/2023
mborrow5i@nasa.gov,76,1981,1996,82,3/13/2024
kpalffrey5j@mlb.com,117,1358,1108,58,6/1/2024
dgoodale5k@amazonaws.com,192,1681,2670,231,12/21/2023
zhawkins5l@tripod.com,167,411,2671,232,12/23/2023
kchitter5m@rakuten.co.jp,108,95,1576,183,6/6/2023
isherlaw5n@qq.com,60,1375,3908,93,10/11/2023
tjaggi5o@pbs.org,150,1602,694,238,12/29/2023
dsebrens5p@cbsnews.com,64,1371,6439,14,3/18/2024
dheaton5q@cbc.ca,172,585,675,211,4/4/2024
lputtan5r@virginia.edu,179,766,1493,64,8/1/2023
afleming5s@hud.gov,108,855,488,200,9/21/2023
pkirwan5t@senate.gov,125,1182,3750,173,10/24/2023
acramp5u@t-online.de,131,1057,3928,163,8/9/2023
jpoletto5v@photobucket.com,188,1577,1871,32,4/4/2024
lcorinton5w@bandcamp.com,151,1453,6249,94,4/23/2024
lbetonia5x@t.co,121,1157,6038,97,11/14/2023
rschwandermann5y@diigo.com,196,1691,1940,1,12/12/2023
slattimer5z@tinypic.com,167,669,1791,175,2/21/2024
glindblom60@jiathis.com,153,1874,661,10,12/2/2023
irobiot61@vk.com,101,428,5001,160,2/7/2024
alongworthy62@acquirethisname.com,156,1273,901,40,7/29/2023
iwhilder63@ox.ac.uk,137,1990,3403,144,1/4/2024
sshasnan64@shinystat.com,165,1600,3818,184,1/22/2024
sgregoraci65@diigo.com,160,532,4486,181,12/10/2023
kneaverson66@toplist.cz,185,1207,2672,232,1/10/2024
mmarcum67@amazon.co.jp,120,108,6510,191,2/7/2024
sdanskine68@ftc.gov,121,501,5869,8,12/12/2023
nswinnerton69@odnoklassniki.ru,143,1532,4310,113,11/1/2023
litzkovitch6a@economist.com,101,1823,1011,166,12/31/2023
sbirrel6b@xing.com,162,223,6721,122,2/3/2024
kthompsett6c@squidoo.com,70,272,5871,230,3/28/2024
alapadula6d@nifty.com,171,1381,5214,7,6/17/2023
adebanke6e@fda.gov,100,318,514,23,4/9/2024
geadmeads6f@comsenz.com,186,1096,4639,143,1/26/2024
lnorthage6g@washington.edu,61,1523,5026,23,3/26/2024
jstean6h@skyrock.com,117,1025,1272,74,11/18/2023
gkruger6i@blogspot.com,105,826,646,225,3/11/2024
hhardingham6j@posterous.com,70,1440,4040,192,5/12/2023
eknuckles6k@dell.com,105,295,2451,55,6/9/2023
criccardelli6l@joomla.org,138,1386,3235,117,11/8/2023
kdeverehunt6m@simplemachines.org,172,525,5856,119,10/12/2023
obarlthrop6n@cocolog-nifty.com,93,570,1349,91,6/16/2024
bworpole6o@hexun.com,133,380,3564,199,8/21/2023
tedgehill6p@wunderground.com,160,1008,2668,34,6/10/2023
areilinger6q@reddit.com,92,390,1964,28,10/29/2023
csumshon6r@hostgator.com,159,1613,3286,171,9/13/2023
thorick6s@sohu.com,79,1697,2329,87,4/27/2024
alealle6t@berkeley.edu,116,67,4685,20,4/20/2024
nmaffini6u@dot.gov,118,299,1215,42,5/25/2023
ccannaway6v@zdnet.com,162,669,1431,137,12/31/2023
mzmitrovich6w@slate.com,94,44,5778,215,12/3/2023
jmichele6x@alibaba.com,109,1897,6484,13,4/17/2024
bstrettell6y@123-reg.co.uk,128,753,195,228,6/12/2024
onother6z@flickr.com,113,1592,2867,111,5/23/2023
mantrack70@foxnews.com,181,1646,5839,222,5/17/2023
ccarlsen71@imgur.com,162,441,2693,85,5/16/2023
apugh72@independent.co.uk,145,1174,3509,59,10/7/2023
jbowmaker73@google.it,120,929,4148,54,6/4/2023
sduly74@cornell.edu,151,942,6923,85,5/17/2024
sdalessandro75@pagesperso-orange.fr,64,1817,5496,210,12/16/2023
beicke76@uol.com.br,99,790,2672,63,6/15/2024
nmechem77@typepad.com,166,333,5850,18,6/2/2024
csalandino78@whitehouse.gov,88,450,3422,197,2/2/2024
zkillough79@sun.com,107,754,599,18,12/24/2023
ifley7a@forbes.com,145,1281,2514,72,6/18/2024
nbeiderbeck7b@springer.com,167,1112,1652,166,7/31/2023
kjarrelt7c@webmd.com,156,806,3038,145,10/26/2023
dcrinage7d@usa.gov,83,611,6449,119,2/13/2024
aespinos7e@arstechnica.com,86,395,2571,134,6/22/2023
jkirkham7f@hao123.com,133,1046,4735,110,2/13/2024
tmcconaghy7g@ca.gov,74,525,2134,19,5/25/2023
tallbrook7h@tumblr.com,159,1238,3275,51,10/25/2023
mhayth7i@bloglines.com,122,1170,1800,73,6/12/2024
cbreese7j@scribd.com,77,1227,2607,132,5/30/2024
jcoy7k@slashdot.org,135,967,2401,61,6/23/2023
qhavill7l@ehow.com,118,817,4096,220,3/19/2024
mcock7m@rediff.com,180,1248,6657,120,2/27/2024
rtremberth7n@arizona.edu,108,289,5074,138,7/13/2023
deliesco7o@bandcamp.com,67,1491,6020,4,5/18/2023
gtansey7p@ucla.edu,188,249,4900,71,3/20/2024
adiano7q@bluehost.com,198,1884,5890,71,4/12/2024
gkilban7r@loc.gov,180,870,6774,152,11/2/2023
kbinch7s@nba.com,117,1730,4507,211,6/20/2023
adunnico7t@nhs.uk,148,1875,2794,137,10/3/2023
isimonaitis7u@bbc.co.uk,139,1771,129,45,8/14/2023
calsford7v@gnu.org,119,789,1570,141,8/3/2023
hscottrell7w@moonfruit.com,152,1513,5932,54,11/2/2023
bvosper7x@skype.com,166,1181,3313,7,2/29/2024
dtrunkfield7y@issuu.com,101,1071,423,32,3/7/2024
brigardeau7z@posterous.com,137,270,3427,96,1/25/2024
mhugues80@flickr.com,153,1529,1569,174,10/16/2023
bedmonds81@altervista.org,130,957,3282,141,6/1/2024
fhartop82@instagram.com,154,206,3164,45,5/5/2024
abuckie83@storify.com,155,1826,4594,6,12/28/2023
sfrodsam84@ca.gov,80,1685,6886,158,12/17/2023
cimbrey85@github.io,149,1175,6051,68,3/4/2024
sfobidge86@bluehost.com,195,1582,1477,17,9/4/2023
trasher87@ed.gov,152,949,6215,215,8/8/2023
eblenkinship88@livejournal.com,96,988,3025,76,12/5/2023
ssavil89@usnews.com,146,1146,4973,114,9/28/2023
ccajkler8a@bbc.co.uk,169,926,4532,55,5/1/2024
igreder8b@over-blog.com,74,632,1114,84,8/30/2023
jflinn8c@newsvine.com,95,414,1226,35,11/18/2023
detchell8d@friendfeed.com,102,179,928,21,9/7/2023
echeng8e@vimeo.com,170,1926,4921,161,9/2/2023
kchilders8f@posterous.com,190,829,2773,142,2/16/2024
apurdon8g@uiuc.edu,79,1637,6906,80,8/30/2023
kboldry8h@imdb.com,138,1208,2164,105,10/5/2023
fmcarley8i@uol.com.br,133,1842,3472,143,6/9/2023
bfiler8j@walmart.com,93,487,6764,199,2/24/2024
walvarado8k@phpbb.com,80,610,2767,192,6/11/2024
echellam8l@geocities.com,110,653,2917,19,8/23/2023
dsloper8m@w3.org,147,78,6999,1,10/24/2023
wrilston8n@trellian.com,179,96,4644,107,8/2/2023
msenten8o@ow.ly,98,982,670,75,5/10/2024
cmeikle8p@sun.com,132,185,3147,178,12/19/2023
fstryde8q@de.vu,116,370,5918,108,3/14/2024
njessen8r@smh.com.au,120,361,5224,225,2/16/2024
bsirl8s@china.com.cn,134,903,726,167,3/12/2024
bbrentnall8t@diigo.com,149,438,4015,21,1/29/2024
sbreem8u@nydailynews.com,85,1517,4396,179,7/23/2023
jbaggs8v@wordpress.com,191,1340,4378,7,9/15/2023
dvillalta8w@artisteer.com,114,41,425,151,8/1/2023
evalde8x@pagesperso-orange.fr,69,1474,2941,95,9/14/2023
ljeanin8y@blogs.com,135,1573,6375,84,9/29/2023
afouracres8z@nytimes.com,107,1321,668,47,6/25/2023
hkmieciak90@squarespace.com,136,206,6048,44,8/3/2023
bbarthelmes91@rakuten.co.jp,142,1622,1843,198,11/23/2023
hpedreschi92@webs.com,154,175,4652,138,9/17/2023
gbraid93@creativecommons.org,160,491,134,28,5/15/2024
ileroux94@addthis.com,122,612,736,235,5/8/2024
emogie95@zdnet.com,162,111,1021,199,12/18/2023
gallington96@aol.com,75,594,4352,29,1/21/2024
vbarles97@weebly.com,194,310,6093,96,3/26/2024
darmstead98@samsung.com,173,1115,2938,200,2/18/2024
pdrake99@wiley.com,178,1966,3327,10,3/2/2024
mlaming9a@upenn.edu,165,537,3238,229,12/24/2023
trobertelli9b@examiner.com,185,967,2192,66,5/2/2024
kaberkirdo9c@nba.com,104,1433,1702,120,12/2/2023
mbaack9d@cam.ac.uk,151,1616,2649,188,1/9/2024
mnotman9e@wp.com,191,1005,4448,14,7/26/2023
zthomtson9f@usgs.gov,113,1924,5237,191,2/20/2024
rtully9g@simplemachines.org,174,1604,6069,200,8/20/2023
aklimowski9h@aboutads.info,61,1956,1515,205,5/24/2023
megel9i@geocities.jp,114,99,1521,124,11/29/2023
srulf9j@issuu.com,182,1628,1715,91,6/4/2023
mcottle9k@behance.net,153,1154,6906,230,7/4/2023
jrushe9l@alexa.com,107,1208,3239,223,10/7/2023
mmcfarlan9m@virginia.edu,74,1557,1994,127,6/13/2024
arickword9n@so-net.ne.jp,155,921,2048,162,11/15/2023
sreasce9o@so-net.ne.jp,129,1398,3584,125,6/9/2023
gparadis9p@vistaprint.com,175,319,2662,134,8/18/2023
cnormanville9q@gravatar.com,78,1916,2886,195,4/4/2024
gcogin9r@homestead.com,112,62,3673,93,6/2/2024
lmyton9s@mlb.com,135,1214,1167,101,10/30/2023
rrikkard9t@seattletimes.com,170,700,5246,235,9/21/2023
jbolton9u@github.io,150,173,1376,109,4/3/2024
erilings9v@bandcamp.com,132,631,4823,21,6/17/2023
sbriereton9w@cisco.com,155,32,3053,69,2/19/2024
amcilvaney9x@walmart.com,180,446,1971,107,7/16/2023
mmckeefry9y@seattletimes.com,103,1663,5737,61,2/21/2024
jstrase9z@twitpic.com,108,1728,2991,39,8/11/2023
bpizziea0@about.me,120,1405,4260,46,6/6/2023
egilfethera1@ameblo.jp,156,1794,6779,122,6/18/2023
creignoulda2@gravatar.com,147,1113,4954,102,9/26/2023
jmynetta3@wufoo.com,74,1842,3345,104,10/22/2023
abambraa4@parallels.com,177,527,4021,27,4/3/2024
rormstona5@chron.com,132,1861,2133,52,5/7/2023
oaslama6@kickstarter.com,118,866,2273,238,4/14/2024
sbartaa7@prnewswire.com,189,288,3782,168,1/11/2024
hodeegana8@discuz.net,78,1959,2263,48,12/24/2023
wkellsa9@latimes.com,140,1126,6153,128,6/13/2024
vmaccardaa@google.com,173,40,6043,29,5/18/2024
ewillab@npr.org,154,1045,1658,144,7/9/2023
vshaulac@npr.org,101,98,1741,195,11/3/2023
gvanzonad@canalblog.com,118,877,1286,69,9/2/2023
rvandaleae@weibo.com,158,1171,1294,171,3/23/2024
fphythonaf@craigslist.org,71,995,627,225,6/11/2024
gdreppag@cdc.gov,177,730,3961,170,5/16/2024
mcaustonah@wp.com,199,878,301,31,6/18/2023
lgotchai@alexa.com,172,324,5748,146,6/23/2023
mdeexaj@yahoo.co.jp,61,1511,6640,133,5/25/2024
fgordenak@yandex.ru,138,401,5900,191,3/26/2024
phuncootal@mapy.cz,83,1671,6483,183,12/31/2023
jduligalam@blogger.com,60,991,2691,118,2/7/2024
stosneyan@ask.com,163,57,3214,23,7/7/2023
gnibleyao@boston.com,196,615,6709,207,1/23/2024
ssedgemoreap@prlog.org,67,1173,6080,10,12/25/2023
dryalaq@alibaba.com,90,591,271,44,6/28/2023
rmynottar@apache.org,105,1175,5987,2,3/30/2024
tbasnettas@lulu.com,94,674,1342,24,6/13/2023
jrossbrookat@liveinternet.ru,112,56,602,24,4/14/2024
rslydeau@php.net,94,1015,1345,99,11/8/2023
pandreiav@domainmarket.com,73,1871,4050,232,12/17/2023
cmeekinsaw@wordpress.org,171,617,6453,92,6/18/2023
baultax@ask.com,143,1589,2275,198,9/4/2023
dzuanazziay@tmall.com,66,898,1744,99,4/11/2024
jlomathaz@aol.com,135,531,1598,123,9/2/2023
mgranvilleb0@hc360.com,90,763,5095,17,1/1/2024
pbirbeckb1@amazonaws.com,191,74,3612,130,4/27/2024
rdowkerb2@hc360.com,107,1507,3057,146,9/3/2023
abozworthb3@linkedin.com,117,1754,178,62,1/8/2024
hscarmanb4@washington.edu,118,486,4256,234,5/4/2024
nderrettb5@sakura.ne.jp,167,867,4622,209,7/25/2023
gporteb6@utexas.edu,73,1229,6780,194,2/26/2024
rpapenb7@typepad.com,118,1615,2071,233,4/29/2024
eseftonb8@is.gd,113,1414,869,78,10/27/2023
lpedicanb9@un.org,193,1012,3605,222,3/1/2024
cshilstonba@princeton.edu,165,1336,2141,53,6/3/2024
ccorballybb@live.com,186,1189,4102,218,10/7/2023
lpickenbc@lulu.com,184,1367,128,138,7/6/2023
apaliserbd@nba.com,117,612,2527,38,1/22/2024
nblazevicbe@cyberchimps.com,100,1003,3715,148,1/8/2024
mofenerbf@google.co.jp,174,1965,2497,52,10/23/2023
grudsdellbg@joomla.org,163,43,452,139,1/7/2024
acurraghbh@gmpg.org,150,979,2285,94,11/18/2023
dscothronbi@diigo.com,98,763,3724,133,1/17/2024
rblackhurstbj@paypal.com,118,399,3334,223,10/30/2023
vlambartonbk@europa.eu,138,340,4472,196,9/24/2023
rgreedierbl@blogs.com,189,471,757,86,5/16/2024
ikingsnorthbm@miitbeian.gov.cn,125,904,6931,156,3/31/2024
rlaversbn@buzzfeed.com,137,1523,3003,200,6/20/2023
cmogiebo@edublogs.org,144,836,57,122,10/24/2023
esmalmanbp@fc2.com,184,294,6549,76,7/24/2023
acarnebq@pbs.org,153,764,5589,41,5/24/2023
cuttonbr@github.com,131,70,6650,224,7/15/2023
gmclenahanbs@ihg.com,144,636,959,166,4/9/2024
lpowriebt@scientificamerican.com,156,565,6969,71,1/8/2024
sstaintonbu@facebook.com,77,1777,152,3,8/23/2023
eporteousbv@foxnews.com,130,209,6356,221,5/24/2023
slomanseybw@paginegialle.it,140,1654,1701,144,5/24/2024
ehounsombx@studiopress.com,188,1283,2015,18,8/21/2023
ncaneroby@illinois.edu,130,570,3532,26,6/27/2023
mpyerbz@tinyurl.com,153,1497,780,112,8/16/2023
femmittc0@senate.gov,72,703,6438,173,5/13/2024
ctunnicliffec1@addtoany.com,69,478,6201,68,2/27/2024
mjimenezc2@qq.com,174,1105,2687,134,10/19/2023
hnastc3@fema.gov,134,300,1220,178,4/9/2024
sgaylordc4@goo.ne.jp,76,549,5608,159,9/16/2023
vabthorpec5@so-net.ne.jp,147,1649,2957,53,9/6/2023
eloundsc6@ehow.com,127,1523,948,7,12/24/2023
ogheerhaertc7@imgur.com,73,17,4394,217,2/20/2024
bfernsc8@howstuffworks.com,199,736,4917,4,6/9/2024
ysaffec9@yelp.com,187,463,6398,7,5/16/2024
mstockerca@vk.com,105,764,475,42,5/23/2023
hmccuecb@technorati.com,148,1978,941,94,5/22/2024
abromigecc@domainmarket.com,158,967,4616,194,3/25/2024
swinslowcd@tinypic.com,82,660,4451,152,8/11/2023
cwalkdence@ycombinator.com,150,396,5865,101,5/28/2024
nlenoircf@netlog.com,67,1944,4083,217,11/1/2023
dziemcg@webnode.com,148,1672,4086,160,12/27/2023
rguerrych@webs.com,186,282,674,125,7/7/2023
kangoveci@unicef.org,165,1833,149,14,11/13/2023
kmanhoodcj@who.int,62,495,2777,191,10/31/2023
runsworthck@issuu.com,113,794,4702,218,8/4/2023
ialdiecl@w3.org,78,1653,1930,1,6/17/2023
lcomiamcm@ed.gov,78,81,4770,213,5/10/2024
nbellwoodcn@google.com.br,194,895,6586,139,5/2/2024
dlavissco@nba.com,174,853,579,162,5/29/2024
etwellscp@ycombinator.com,179,523,5736,186,2/29/2024
oambrozcq@ibm.com,157,1846,921,96,3/22/2024
ggaynsfordcr@myspace.com,129,1682,3588,176,9/10/2023
hbremnercs@phoca.cz,148,570,1527,195,12/10/2023
nheakeyct@taobao.com,68,1177,4423,7,6/3/2023
bbruincu@si.edu,186,1443,4246,160,6/27/2023
lwanklincv@archive.org,95,1282,2157,166,9/16/2023
apittlecw@reuters.com,142,890,1922,59,6/6/2023
pstannettcx@zimbio.com,98,1183,1150,45,2/11/2024
nbroggiocy@usatoday.com,140,939,615,237,8/2/2023
fcullumcz@weebly.com,83,1420,838,34,10/1/2023
wmushettd0@cbsnews.com,82,226,875,130,5/6/2023
rlittlejohnd1@twitpic.com,187,994,716,119,8/14/2023
cajeand2@rakuten.co.jp,192,1152,6879,157,4/11/2024
rpidwelld3@list-manage.com,113,1139,1921,115,6/10/2024
sgiveend4@delicious.com,65,1463,5563,193,8/2/2023
tmerand5@webs.com,121,393,1277,236,1/10/2024
tsulllyd6@naver.com,151,1629,6118,196,5/20/2024
rsanchesd7@java.com,91,472,1727,185,1/11/2024
dtrewarthad8@google.com.hk,60,346,4285,188,6/22/2023
enorthcottd9@imdb.com,102,941,1743,198,5/18/2023
sdumingosda@google.ca,91,670,4468,202,1/27/2024
ashaweldb@instagram.com,87,324,692,98,9/3/2023
tcicconedc@indiegogo.com,179,576,680,224,9/14/2023
delstondd@360.cn,118,450,4534,204,12/29/2023
dsilverlockde@intel.com,72,569,2364,17,7/16/2023
cbthamdf@acquirethisname.com,121,1323,6025,131,12/6/2023
pbarklydg@hp.com,169,1926,793,156,4/24/2024
sflavertydh@usgs.gov,108,709,2290,227,12/19/2023
aperelldi@bluehost.com,90,526,6126,8,2/25/2024
swadforthdj@lycos.com,155,1511,174,59,4/21/2024
afancottdk@amazon.co.jp,121,1631,415,119,1/23/2024
lchaplaindl@pbs.org,194,994,2634,168,9/11/2023
bmerringtondm@gmpg.org,170,544,762,60,4/6/2024
ppersehousedn@wunderground.com,117,1657,4279,229,6/6/2024
vmatissoffdo@umn.edu,112,850,6745,207,5/24/2024
ddeperodp@xrea.com,159,52,5242,132,9/9/2023
mstrobandq@4shared.com,145,874,1735,60,3/30/2024
smassimidr@opensource.org,151,26,3169,61,3/13/2024
bsweetenhamds@va.gov,177,1274,2876,227,12/8/2023
mgenthnerdt@nature.com,85,1667,6419,238,7/8/2023
rseyersdu@nsw.gov.au,93,287,244,128,2/18/2024
aarkwrightdv@boston.com,139,929,4979,137,1/20/2024
gpoeldw@twitter.com,108,511,5567,229,5/11/2023
bsillettdx@bbb.org,135,152,6838,12,5/20/2024
jcrossandy@blinklist.com,147,918,3615,171,3/26/2024
scastilledz@mac.com,185,1431,3075,58,5/2/2024
abewseye0@utexas.edu,118,1800,6364,6,2/4/2024
mglayshere1@unblog.fr,75,728,2721,218,3/4/2024
sbearblocke2@ocn.ne.jp,182,1445,5214,187,8/22/2023
zthomasene3@mashable.com,174,973,4823,22,1/19/2024
cgeare4@elpais.com,157,233,5833,70,2/21/2024
tbrundlee5@omniture.com,91,1642,4013,108,7/29/2023
bhallase6@vk.com,93,829,3150,110,6/15/2024
fbeneditee7@vimeo.com,174,393,1778,219,12/4/2023
cidlee8@si.edu,192,1972,4536,158,9/22/2023
erowstone9@marriott.com,134,1316,1579,11,5/14/2023
lchalonerea@admin.ch,151,772,4063,185,8/14/2023
jschwandnereb@example.com,66,1465,3161,30,8/12/2023
carmsteadec@businesswire.com,99,1882,2660,209,3/3/2024
emunted@reddit.com,195,1622,1483,228,5/2/2023
ndanbrookee@over-blog.com,99,176,2423,47,10/15/2023
gbloomfieldef@harvard.edu,136,192,5665,12,5/16/2024
tgeroldinieg@china.com.cn,136,1437,3338,119,5/25/2024
jrosieeh@fda.gov,130,1040,6760,202,7/2/2023
klangstoneei@timesonline.co.uk,154,1268,2578,45,8/6/2023
mklausewitzej@forbes.com,94,711,1924,101,10/24/2023
cdavionek@businessweek.com,109,1460,4634,214,10/6/2023
divanonkoel@tripod.com,71,13,1643,154,10/21/2023
ajamiesonem@twitpic.com,158,1653,5791,235,5/7/2023
aiannielloen@dedecms.com,108,137,2853,101,5/30/2024
tokeyeo@hao123.com,90,1273,4175,79,1/18/2024
vmatherep@ask.com,175,700,4965,228,4/8/2024
ihyronseq@themeforest.net,125,346,6432,168,8/12/2023
dbrecherer@virginia.edu,70,1067,4237,87,7/11/2023
pobeneyes@soundcloud.com,199,1112,5637,90,11/6/2023
pgodthaabet@cisco.com,62,696,5901,88,3/27/2024
dklimochkineu@usatoday.com,86,701,4608,188,4/16/2024
bsizlandev@spiegel.de,195,308,756,11,2/12/2024
vleybanew@chronoengine.com,77,1122,309,129,5/18/2024
kdurdleex@biglobe.ne.jp,179,832,4199,194,5/30/2024
ezannelliey@1und1.de,86,1238,6474,15,6/26/2023
owigglesworthez@ebay.com,149,758,5211,86,7/13/2023
abriskeyf0@google.ca,191,1167,2006,99,5/19/2023
sjayf1@mlb.com,82,1096,78,142,1/2/2024
rblaschkef2@google.it,165,1186,6517,177,5/6/2024
lpearlf3@photobucket.com,112,995,3998,6,4/18/2024
gepgravef4@slashdot.org,92,1179,2860,233,12/10/2023
nmcfetridgef5@yellowpages.com,163,841,549,153,4/18/2024
dbramwichf6@cnet.com,81,1540,1648,171,10/22/2023
llarnef7@godaddy.com,143,1282,2597,233,9/27/2023
rfolletf8@loc.gov,139,278,2173,213,8/23/2023
lyankishinf9@pcworld.com,66,669,2082,106,8/8/2023
rjoynsonfa@google.it,99,964,5977,133,8/1/2023
jdearingfb@state.gov,116,947,5000,146,3/25/2024
lcottinghamfc@vinaora.com,123,1189,4286,101,12/21/2023
jpybusfd@gov.uk,140,669,5514,222,4/5/2024
mmealhamfe@studiopress.com,150,1894,1753,53,11/17/2023
afantoneff@bloglovin.com,62,713,3597,184,7/23/2023
rdillestonfg@cdbaby.com,85,399,1142,150,6/22/2023
avondracekfh@unesco.org,196,1158,6649,216,2/4/2024
wmellandfi@about.me,106,917,3864,21,11/9/2023
scaldesfj@photobucket.com,109,1834,1389,34,2/11/2024
kdillewayfk@de.vu,195,534,937,26,5/18/2023
bkeablefl@nasa.gov,123,794,3583,232,2/17/2024
mhebbornefm@msn.com,172,1304,1595,72,9/11/2023
kmauricefn@bandcamp.com,78,1347,6192,96,5/24/2023
bavrahamofffo@slideshare.net,175,1991,31,136,3/14/2024
dglassupfp@engadget.com,147,1665,5066,154,2/1/2024
ryeuletfq@pcworld.com,198,1796,6568,51,7/28/2023
blamplfr@ustream.tv,156,413,5312,199,1/12/2024
cnowellfs@delicious.com,156,1593,2786,206,5/5/2024
gaveriesft@mail.ru,191,1208,6069,231,6/18/2024
amorstattfu@weather.com,76,467,585,109,9/30/2023
ithorntonfv@yolasite.com,197,1439,6001,162,2/9/2024
tlesaunierfw@topsy.com,182,837,125,75,1/27/2024
ehampshirefx@shop-pro.jp,77,1138,6835,57,8/16/2023
vlenahanfy@purevolume.com,131,516,6383,88,6/24/2023
dfranciscofz@google.ca,149,846,1725,113,4/6/2024
lcappellg0@latimes.com,95,1841,3870,12,6/13/2023
kclubbeg1@webs.com,185,607,1509,152,8/2/2023
cbiggsg2@go.com,80,9,1374,214,11/13/2023
pgladtbachg3@go.com,122,1067,3820,165,3/4/2024
svauxg4@omniture.com,170,418,3699,43,7/12/2023
eeaglandg5@admin.ch,81,693,4440,71,3/5/2024
lmapsong6@squarespace.com,139,1255,3781,104,9/25/2023
sevendeng7@who.int,92,526,5037,68,8/17/2023
cpenticootg8@taobao.com,188,1234,4359,101,4/8/2024
eborboroughg9@xinhuanet.com,86,948,1173,117,6/6/2023
gsealeafga@pen.io,111,1384,2854,216,7/21/2023
lmcinteergb@uiuc.edu,148,212,1645,21,5/26/2023
hdismoregc@surveymonkey.com,143,956,5194,156,12/28/2023
dludwiggd@mapquest.com,70,106,5699,61,7/7/2023
thollyerge@usatoday.com,168,380,6317,149,3/13/2024
mchambersgf@hugedomains.com,179,78,995,216,1/8/2024
awiggingg@java.com,65,1540,1075,199,3/4/2024
vprozesckygh@google.nl,92,1627,2325,17,8/4/2023
cmacgeaneygi@ucoz.ru,199,86,5188,161,11/24/2023
gnowlangj@upenn.edu,134,1632,4993,138,5/27/2024
jbeamishgk@abc.net.au,129,842,3050,10,10/25/2023
jspellacygl@miibeian.gov.cn,155,845,6625,84,10/22/2023
jzukermangm@behance.net,177,1514,160,209,8/26/2023
oewbankegn@webmd.com,70,1200,2083,175,1/2/2024
mmcsweeneygo@e-recht24.de,112,253,2072,9,12/2/2023
clongstaffegp@stumbleupon.com,159,608,5977,53,9/10/2023
dtresvinagq@netlog.com,145,209,600,42,7/4/2023
ckerridgegr@bbb.org,75,1539,5046,5,8/4/2023
gcunniamgs@cbslocal.com,142,1276,4634,96,12/28/2023
morneblowgt@delicious.com,174,711,4463,170,9/7/2023
rpridmoregu@google.ru,93,1275,1398,22,4/10/2024
fscurrgv@behance.net,186,1635,6087,204,11/17/2023
mdebruingw@amazonaws.com,158,283,5336,106,1/28/2024
lferrimangx@howstuffworks.com,182,1346,5099,24,11/5/2023
rgrattangy@google.com.hk,148,729,1363,214,5/17/2023
ggronauergz@mysql.com,80,66,984,195,1/29/2024
zraddanh0@unicef.org,196,1456,1574,57,7/16/2023
hvasichevh1@1und1.de,76,1719,2510,45,11/5/2023
sabarrowh2@globo.com,61,788,1453,63,5/24/2024
mtrevinoh3@timesonline.co.uk,67,658,2761,228,6/7/2024
hparkhouseh4@nytimes.com,191,1049,2274,193,4/15/2024
jmuspratth5@smh.com.au,129,1664,4992,236,11/23/2023
smerwedeh6@facebook.com,140,531,5813,117,4/8/2024
jantosikh7@dmoz.org,125,1797,1683,62,1/27/2024
bkallh8@epa.gov,89,1663,1520,85,10/31/2023
erosash9@webnode.com,79,291,1227,158,10/28/2023
corltonha@china.com.cn,155,624,6138,224,2/10/2024
acasebournehb@bluehost.com,90,364,2902,101,2/18/2024
cbadhamhc@freewebs.com,73,501,5981,160,2/4/2024
kfitzpaynhd@myspace.com,164,1394,1363,163,9/7/2023
helsegoodhe@berkeley.edu,155,1529,3383,133,3/11/2024
nbefroyhf@omniture.com,163,321,6749,225,5/1/2024
nfassbenderhg@mac.com,87,220,6425,71,6/2/2024
critterhh@archive.org,84,392,2507,27,9/27/2023
ademchenhi@cdc.gov,72,1016,1901,5,5/9/2024
fworralhj@rambler.ru,127,1303,6903,188,11/26/2023
collanderhk@buzzfeed.com,85,959,5869,96,3/21/2024
rlanghl@tumblr.com,164,1091,6813,110,5/20/2024
dbilthm@fda.gov,152,1205,5352,66,9/11/2023
ggeorgiushn@php.net,73,652,5699,182,9/26/2023
tadanezho@eepurl.com,135,1065,5071,131,7/22/2023
eclashhp@drupal.org,145,1166,2601,21,4/15/2024
atidderhq@cnbc.com,129,703,5076,84,8/30/2023
hsantorahr@usatoday.com,66,367,2840,204,5/31/2023
thansberryhs@sohu.com,90,628,3762,66,6/2/2023
mleatherborrowht@com.com,85,542,2256,123,5/30/2024
srapaporthu@dedecms.com,117,271,3245,34,12/20/2023
ddorsayhv@cocolog-nifty.com,152,642,2037,89,12/16/2023
dabelovitzhw@mit.edu,60,1842,6058,222,9/29/2023
jdyhousehx@mail.ru,103,365,3636,234,8/27/2023
mscrasehy@netscape.com,98,631,5086,149,5/7/2023
tocurranehz@washingtonpost.com,159,1426,6673,115,6/14/2023
cenneveri0@google.cn,64,775,1088,79,11/9/2023
lnairnei1@facebook.com,67,907,6639,25,5/12/2023
brosieri2@51.la,64,61,4838,166,3/12/2024
kgreenhalfi3@europa.eu,137,993,829,121,7/24/2023
rsalsbergi4@slideshare.net,177,540,3251,91,1/8/2024
abetoni5@sciencedirect.com,72,517,398,167,12/19/2023
gshellidayi6@un.org,103,1396,1724,181,2/3/2024
bpedeli7@seattletimes.com,184,715,1936,24,7/13/2023
lhaseleyi8@jiathis.com,99,1877,5714,198,8/14/2023
tpurvessi9@delicious.com,64,926,4970,70,3/18/2024
esummersettia@usnews.com,129,1094,5500,144,12/15/2023
bshitliffib@cisco.com,153,243,1404,144,10/24/2023
slaidlowic@soup.io,200,214,4906,212,4/30/2024
wperkinid@cisco.com,170,868,4060,92,5/6/2023
fparramie@g.co,113,874,1284,165,1/16/2024
rstolleryif@pagesperso-orange.fr,80,1211,1928,69,8/10/2023
lmargachig@ed.gov,156,1931,3278,206,6/3/2023
jkemmeih@noaa.gov,72,1769,5575,30,12/7/2023
mpratteii@mysql.com,170,137,5497,77,8/30/2023
bgasonij@addtoany.com,138,1469,1055,110,9/20/2023
jkiellorik@over-blog.com,99,1406,1919,229,1/28/2024
drepperil@businessweek.com,193,1754,130,19,2/29/2024
dplewmanim@theglobeandmail.com,122,1178,6650,99,3/4/2024
nlatteyin@gravatar.com,113,141,297,22,9/24/2023
mprembleio@list-manage.com,178,1594,5783,167,6/18/2024
rganiclefip@google.com.au,133,963,6831,168,11/27/2023
gdurrantiq@spiegel.de,109,989,811,222,12/16/2023
jcrampseyir@loc.gov,177,1227,1882,17,6/15/2023
fvaneschiis@scribd.com,71,1734,5770,43,1/23/2024
tmurrisonit@cbsnews.com,184,197,996,208,7/24/2023
bdibiasioiu@google.pl,168,1054,3165,123,7/10/2023
gredfordiv@is.gd,80,1193,3298,73,4/30/2024
kwicheriw@wired.com,194,532,4500,8,5/4/2024
dlowix@about.me,131,1576,4952,176,9/4/2023
gchasemooreiy@eventbrite.com,118,324,2912,137,6/15/2024
tteaseyiz@wordpress.com,101,1900,6860,147,8/3/2023
lmoorej0@about.com,146,1691,629,20,12/22/2023
jtoffolettoj1@nymag.com,72,996,3657,95,8/5/2023
bprettymanj2@eventbrite.com,170,1823,3257,154,12/23/2023
pbarnissj3@fc2.com,104,1932,488,239,2/4/2024
ehitchensj4@cbslocal.com,136,327,3017,151,4/29/2024
jgabitisj5@si.edu,182,1239,3451,219,3/6/2024
jhaylandj6@mapy.cz,79,710,1897,128,3/1/2024
msadgrovej7@google.es,181,236,3593,12,11/26/2023
rgorsej8@chron.com,160,1963,1912,109,8/6/2023
bflecknoj9@nih.gov,190,1649,3666,92,4/13/2024
mbeckmannja@rediff.com,137,81,6923,185,11/5/2023
akowalskijb@ow.ly,145,155,6284,75,5/8/2024
nreadjc@digg.com,158,264,404,101,1/25/2024
ggeldartjd@ow.ly,72,275,5570,98,11/11/2023
tvallensje@abc.net.au,127,19,5319,26,6/21/2023
gbroschjf@tinypic.com,117,1600,4770,210,6/13/2024
wstratfordjg@yale.edu,128,1539,5082,12,5/6/2023
kgadaudjh@dedecms.com,198,1117,910,39,6/14/2023
kcrewesji@cdbaby.com,157,706,6466,203,1/15/2024
emudiejj@tinyurl.com,106,48,2624,115,12/16/2023
sharefootjk@nbcnews.com,175,57,2316,177,8/8/2023
osabanjl@behance.net,69,661,6865,150,5/30/2023
pleerjm@nydailynews.com,193,1037,2714,80,6/17/2023
igierkejn@tumblr.com,135,1213,4469,43,6/2/2024
jnaismithjo@ft.com,95,1365,2068,105,10/30/2023
sfordhamjp@flavors.me,166,434,1479,16,9/29/2023
dsherwinjq@google.co.uk,104,1523,4781,86,11/28/2023
jrispinjr@amazonaws.com,125,227,6651,123,2/8/2024
bpugsleyjs@merriam-webster.com,112,396,6066,5,2/5/2024
hericksonjt@1688.com,176,1773,2131,159,1/20/2024
bgladdingju@time.com,68,1547,1777,60,4/12/2024
fpettegrejv@mapquest.com,100,1995,1665,57,9/22/2023
fcarabinejw@techcrunch.com,127,1175,1328,183,8/4/2023
abawmejx@i2i.jp,175,61,2746,38,2/1/2024
rbynethjy@over-blog.com,165,1222,6588,188,1/17/2024
ahakenjz@parallels.com,148,36,2578,79,4/30/2024
ebilsonk0@indiatimes.com,142,242,5701,189,7/23/2023
hallinghamk1@whitehouse.gov,156,1113,3084,230,8/22/2023
ksimoninik2@ameblo.jp,98,704,6231,24,7/6/2023
mburnsallk3@delicious.com,195,643,830,119,2/22/2024
aluciank4@digg.com,186,1815,3348,36,5/12/2024
ggrotek5@elpais.com,185,1846,5643,67,12/2/2023
cmourniank6@mozilla.org,128,984,2557,138,3/9/2024
mlanghornek7@ezinearticles.com,162,1346,4122,93,7/23/2023
pgaulerk8@ted.com,82,249,3218,129,6/2/2024
acokerk9@bigcartel.com,60,1776,1130,164,6/1/2024
pfurslandka@irs.gov,108,571,5854,100,6/2/2023
cyanshinovkb@vimeo.com,64,1287,6283,176,3/14/2024
sbeeviskc@deviantart.com,92,296,1588,180,11/20/2023
cphillpkd@friendfeed.com,175,1296,3204,205,5/22/2023
haimerke@forbes.com,200,1882,1778,222,9/16/2023
lstannahkf@discuz.net,139,1727,5776,51,3/15/2024
jscousekg@engadget.com,160,1666,6954,94,3/2/2024
ksommervillekh@narod.ru,126,1559,2463,217,2/14/2024
kcummungski@loc.gov,170,75,6564,18,7/10/2023
lpietrzykkj@biblegateway.com,125,1188,1668,178,6/12/2024
dblanckleykk@home.pl,146,995,4940,64,1/9/2024
dbeaconkl@reddit.com,95,1501,2466,53,12/24/2023
nhaskeykm@wikipedia.org,167,872,3789,118,8/1/2023
mstallardkn@opensource.org,120,1761,2783,231,6/14/2023
fdurhamko@cbslocal.com,90,1337,1913,201,9/28/2023
mcolumbellkp@wsj.com,182,1741,1222,18,2/7/2024
cgemellikq@wisc.edu,109,871,2310,128,10/18/2023
fhaineskr@elpais.com,183,1722,5059,61,5/7/2024
fstelfoxks@xing.com,139,303,2122,94,5/1/2024
jdutnallkt@ifeng.com,165,1371,6045,227,10/30/2023
sgiffku@nationalgeographic.com,77,1273,5421,68,12/13/2023
ldibiagiokv@businesswire.com,139,1459,2162,235,12/24/2023
marminkw@npr.org,71,1704,3748,92,8/27/2023
dabadekx@yelp.com,110,245,788,133,12/22/2023
msausmanky@prweb.com,140,1983,1184,52,3/13/2024
kwhateskz@jugem.jp,118,647,4333,145,1/6/2024
blinnemanl0@jiathis.com,171,60,6086,18,5/6/2024
lromel1@ovh.net,78,367,1902,135,9/2/2023
aflemmichl2@edublogs.org,163,72,1986,43,6/18/2023
ptrolleyl3@google.de,64,1212,4979,164,7/27/2023
oorganl4@de.vu,185,74,2585,127,8/6/2023
acausierl5@hatena.ne.jp,124,583,6199,173,5/23/2024
glyddiardl6@mapquest.com,91,1651,3337,15,7/30/2023
nfettiplacel7@storify.com,157,1246,5203,102,12/10/2023
fpanniersl8@fema.gov,163,172,6160,112,2/24/2024
pdovidianl9@unc.edu,169,783,4098,32,12/5/2023
dpawelecla@army.mil,107,170,2175,134,3/10/2024
rpercivallb@nyu.edu,81,579,1185,35,2/27/2024
mmcbratneylc@histats.com,194,1699,6050,183,7/19/2023
adeboickld@craigslist.org,105,297,6595,205,6/30/2023
vattridele@constantcontact.com,181,1832,6409,164,9/28/2023
clegginlf@unesco.org,172,118,1105,202,12/20/2023
hgabbetislg@sina.com.cn,76,72,1776,211,11/7/2023
bkintzellh@4shared.com,196,1445,4761,96,6/2/2024
bgendersli@elegantthemes.com,73,102,3622,8,7/17/2023
dkehirlj@ftc.gov,104,1590,2575,30,10/27/2023
vrappaportlk@answers.com,190,1450,4969,104,10/20/2023
udoddingll@mayoclinic.com,155,1302,5687,183,5/31/2024
ccapewelllm@unicef.org,87,1419,4604,67,11/10/2023
bmobiusln@omniture.com,73,1636,175,192,6/22/2023
rvondralo@scientificamerican.com,167,1541,5198,120,8/31/2023
lwhitfeldlp@spotify.com,126,837,6554,101,5/20/2024
mlambislq@zdnet.com,124,1272,2246,4,3/14/2024
aringerlr@google.cn,65,542,3584,176,11/13/2023
lrockwellls@deviantart.com,120,662,3591,4,10/31/2023
pfrancklynlt@time.com,157,1145,6270,53,3/17/2024
dsaldlerlu@soundcloud.com,146,1641,1979,122,11/6/2023
btrusslovelv@friendfeed.com,119,678,4092,16,3/20/2024
lfranzenlw@exblog.jp,72,231,4024,84,12/13/2023
mpawelleklx@ca.gov,69,1296,3468,173,6/20/2023
bpinderly@deliciousdays.com,181,835,2829,136,8/5/2023
asilklz@fc2.com,169,1044,3859,60,2/15/2024
cjeandotm0@senate.gov,179,1994,323,240,8/2/2023
rstanifordm1@tuttocitta.it,161,32,638,185,12/13/2023
kkillikm2@purevolume.com,130,528,3700,156,5/18/2024
estruthersm3@boston.com,199,543,1554,115,2/4/2024
bswindellsm4@techcrunch.com,197,854,6381,133,6/5/2023
dcrutchfieldm5@ftc.gov,177,1447,756,181,11/7/2023
ccastellanm6@time.com,134,1260,5301,205,1/5/2024
twaddamm7@pinterest.com,151,1911,1490,235,9/14/2023
idominellim8@photobucket.com,170,371,4754,206,11/24/2023
pbeinischm9@taobao.com,176,929,6399,238,9/28/2023
rbillsonma@rediff.com,191,1520,4199,18,4/23/2024
jhuggonsmb@about.com,140,387,2256,214,2/28/2024
cspridgeonmc@opensource.org,132,1438,1703,52,7/12/2023
derrickermd@statcounter.com,133,327,873,56,6/21/2023
aheiferme@ucoz.com,174,810,4960,53,1/30/2024
zperetmf@miitbeian.gov.cn,95,1972,2216,197,7/9/2023
dhemerijkmg@engadget.com,80,516,5023,229,6/16/2024
dperchemh@marketwatch.com,82,49,4126,176,7/9/2023
bkiddemi@desdev.cn,108,870,1577,36,7/18/2023
odabrowskimj@over-blog.com,191,166,544,158,5/29/2023
sjacklingsmk@nyu.edu,160,904,2154,203,9/24/2023
fduffieldml@psu.edu,145,603,2167,163,3/3/2024
codoghestymm@psu.edu,89,497,94,108,10/30/2023
tmattackmn@google.ca,128,547,2084,128,7/4/2023
drubimo@jugem.jp,139,41,2508,184,10/27/2023
snappinmp@bravesites.com,187,1009,4137,69,11/21/2023
tpohlkemq@princeton.edu,145,1499,6317,106,5/4/2023
kdorseymr@comcast.net,192,826,3562,113,10/11/2023
awilcockesms@phoca.cz,63,1514,2542,177,8/6/2023
hleonardemt@sciencedaily.com,170,865,3303,229,9/4/2023
ldiamentmu@netvibes.com,107,626,427,205,2/21/2024
thuckemv@cargocollective.com,139,1564,5182,222,10/18/2023
lpinkmw@oakley.com,86,1536,3913,62,6/30/2023
ghakingmx@canalblog.com,119,578,5210,106,10/14/2023
cconyersmy@mapy.cz,188,1524,4974,6,5/9/2023
rbarltropmz@wp.com,163,334,4600,79,8/25/2023
ethurlbournen0@abc.net.au,102,1490,2450,203,6/23/2023
jdearelln1@yellowbook.com,163,809,1140,210,6/19/2023
frattenberien2@free.fr,186,1205,6526,42,6/6/2024
rethersonn3@prlog.org,122,495,5880,220,6/7/2023
vwhiteoakn4@discovery.com,193,1661,5078,124,10/4/2023
llestrangen5@google.nl,119,786,4958,226,8/27/2023
kiacobaccin6@chicagotribune.com,187,1445,2760,29,5/11/2023
brehmn7@columbia.edu,179,886,4412,157,2/29/2024
wpeironen8@uol.com.br,150,1563,764,45,7/10/2023
rwhitewoodn9@nih.gov,83,1136,2063,161,6/29/2023
dcoucherna@tinypic.com,198,283,3960,168,7/4/2023
jhawkswellnb@bbb.org,186,736,5413,23,5/20/2023
khrachovecnc@ed.gov,121,126,4592,217,3/11/2024
bantyukhinnd@google.pl,191,1697,1049,179,7/9/2023
apharrone@theguardian.com,167,229,3764,214,7/12/2023
afishpondnf@cdc.gov,116,28,1096,32,12/7/2023
mrojng@weibo.com,182,701,5496,10,5/30/2023
bcoppledikenh@noaa.gov,74,387,2331,218,11/7/2023
achownni@msn.com,72,852,2504,24,7/19/2023
mdendlenj@google.nl,160,1899,6957,44,5/19/2024
tfreirenk@yelp.com,140,103,397,58,12/6/2023
nbrogininl@japanpost.jp,84,296,2298,190,7/29/2023
shammersleynm@ovh.net,94,1543,5908,160,11/5/2023
eeilhartnn@163.com,184,606,1645,63,11/24/2023
ogrigorino@cafepress.com,75,743,6749,230,6/7/2024
kommanneynp@multiply.com,77,1604,3753,154,12/9/2023
wmuldrewnq@fema.gov,77,59,5276,48,8/7/2023
rrelfnr@sitemeter.com,164,1788,4129,121,5/3/2023
hrojahnns@state.gov,62,1453,5503,63,10/19/2023
pneednt@posterous.com,153,314,4805,144,6/11/2023
fscurfieldnu@phoca.cz,130,1011,6250,81,9/29/2023
fdonovannv@etsy.com,89,432,319,118,6/15/2024
moverstallnw@yahoo.co.jp,154,211,4717,89,10/22/2023
cphilipartnx@psu.edu,180,1314,2708,60,8/31/2023
rbootny@reddit.com,76,1166,6792,99,1/26/2024
mupexnz@blogs.com,140,1266,152,140,5/19/2023
cjaimeo0@ihg.com,188,1805,686,139,9/12/2023
jpenritho1@dyndns.org,78,1192,1346,159,8/30/2023
wgoodfelloweo2@reverbnation.com,71,1046,3434,66,2/22/2024
cgoldsacko3@123-reg.co.uk,88,1364,5780,175,2/29/2024
swrightsono4@issuu.com,182,787,1100,149,1/31/2024
pofihilyo5@sbwire.com,113,1812,4921,1,4/10/2024
cmerielo6@huffingtonpost.com,185,1536,4321,66,6/22/2023
ghatliffo7@freewebs.com,125,1162,2838,201,8/28/2023
ckivlehano8@t.co,99,342,4763,214,12/16/2023
kisacoffo9@gravatar.com,80,1969,3667,107,5/15/2024
fcourtonneoa@feedburner.com,114,1862,3149,163,7/23/2023
mertelob@lycos.com,184,569,3313,78,4/17/2024
rswalesoc@bbb.org,191,458,2478,195,11/5/2023
nhenrionotod@amazon.de,116,920,3341,38,10/2/2023
ffoortoe@chicagotribune.com,75,1761,161,209,12/30/2023
edrohunof@freewebs.com,72,82,1854,79,3/20/2024
rtrevorog@goo.gl,82,1470,5256,187,4/18/2024
hkordingoh@auda.org.au,180,1940,4467,231,11/26/2023
iranscomeoi@google.com.hk,146,1736,1604,178,5/4/2023
vdottrelloj@tripadvisor.com,106,344,6297,66,6/12/2023
rclougherok@yandex.ru,125,665,1765,224,5/10/2023
salleryol@netscape.com,60,378,1389,39,5/1/2023
mvinecombeom@oaic.gov.au,155,308,799,198,7/21/2023
imcgallon@chicagotribune.com,110,455,2662,212,8/21/2023
adebernardisoo@sciencedaily.com,130,1678,342,138,5/21/2023
imericop@canalblog.com,189,989,1250,226,5/18/2024
bspinigeoq@privacy.gov.au,143,1273,6143,94,9/17/2023
zposnetteor@vkontakte.ru,91,441,5322,111,5/28/2024
tfarnanos@ehow.com,109,1219,3211,196,10/25/2023
tnindot@springer.com,114,1214,4069,199,6/18/2024
oghiottoou@tinyurl.com,67,322,1481,123,6/14/2023
ashurmanov@meetup.com,90,261,5407,73,4/29/2024
kfurberow@loc.gov,96,1865,6148,193,1/6/2024
tciceroox@cbslocal.com,138,675,1703,66,6/19/2023
cdoonicanoy@istockphoto.com,196,1787,1634,79,6/4/2023
gmangamoz@squidoo.com,83,1874,3395,23,11/24/2023
yninnisp0@ebay.com,165,1060,699,161,3/14/2024
sstandellp1@blog.com,166,472,3326,93,11/23/2023
lseifp2@archive.org,122,880,4446,142,11/27/2023
mblythp3@army.mil,126,1490,1419,55,5/11/2024
blympanyp4@cnbc.com,162,1465,4622,171,3/15/2024
jtoonp5@theglobeandmail.com,168,1195,4965,181,10/21/2023
rlintinp6@rakuten.co.jp,81,750,3244,122,6/12/2024
wstrephanp7@engadget.com,124,1245,4250,38,10/20/2023
sharmestonp8@hc360.com,150,1929,6718,129,1/27/2024
bodoghestyp9@wufoo.com,129,1672,2832,223,6/21/2023
mheddypa@yolasite.com,83,968,3546,8,10/12/2023
gkinneypb@fastcompany.com,110,1534,3657,111,4/10/2024
lleekepc@ebay.co.uk,124,690,2845,159,8/9/2023
rnavarijopd@sohu.com,119,1676,1294,211,6/29/2023
lrylespe@ed.gov,109,766,2394,224,6/18/2023
coldreypf@nasa.gov,176,371,4397,28,7/6/2023
lmoaksonpg@google.com,97,1141,3139,22,9/23/2023
amoyph@tiny.cc,154,1723,4259,144,5/29/2023
bmuskpi@google.co.uk,169,1635,1575,64,3/23/2024
tdaintonpj@etsy.com,198,1673,719,60,1/23/2024
pgilloolypk@github.io,74,1764,1361,159,1/28/2024
drelfpl@hao123.com,156,737,548,85,4/22/2024
aevamypm@google.co.jp,116,187,5478,234,4/7/2024
bkeeganpn@shinystat.com,120,350,5409,92,10/26/2023
dowlnerpo@google.co.jp,139,1839,5635,19,6/7/2023
afallspp@scribd.com,154,1169,2845,31,2/19/2024
dleemanspq@archive.org,181,1865,6259,39,5/4/2023
nmacgiollapheadairpr@engadget.com,148,1550,5480,9,3/8/2024
jharsumps@com.com,189,116,3020,196,4/23/2024
despinpt@buzzfeed.com,186,23,6143,14,3/19/2024
mjellicorsepu@skype.com,88,1435,266,196,5/10/2023
mluckespv@oaic.gov.au,138,1517,2698,160,9/14/2023
ablezardpw@google.ca,107,583,2511,33,5/12/2024
abolliverpx@sphinn.com,127,208,5094,127,12/13/2023
pwhetherpy@si.edu,174,161,1358,154,5/30/2023
aghiottopz@shinystat.com,177,413,783,2,4/25/2024
bwaycottq0@fastcompany.com,163,991,2190,58,1/17/2024
swurzq1@miitbeian.gov.cn,151,1611,1758,111,5/15/2024
lrosenbergq2@state.tx.us,61,869,3021,180,5/16/2023
estummeyerq3@ning.com,198,1784,6936,75,4/1/2024
bbadseyq4@dyndns.org,126,322,1128,76,10/6/2023
mgribbleq5@163.com,198,1707,3411,105,7/10/2023
rmetsonq6@amazon.co.uk,130,735,3746,88,9/1/2023
bcathroq7@meetup.com,123,1346,2888,131,6/16/2023
dmccourtieq8@irs.gov,163,743,3083,104,5/16/2023
bwybourneq9@buzzfeed.com,136,256,6921,41,4/30/2024
dgomezqa@usgs.gov,188,885,5433,142,8/23/2023
gfaersqb@edublogs.org,60,1923,5588,155,8/3/2023
vpinyonqc@alibaba.com,100,1891,834,201,1/4/2024
ptabardqd@theglobeandmail.com,139,1867,1783,197,12/22/2023
sesbyqe@mediafire.com,63,269,3649,132,5/12/2023
blydiattqf@fda.gov,71,445,2654,159,8/6/2023
iedelheitqg@senate.gov,131,166,3503,113,2/4/2024
cganniclifftqh@4shared.com,81,1773,2811,178,4/6/2024
rlimeburnqi@dedecms.com,192,1554,4500,237,11/12/2023
aflaniganqj@google.cn,144,676,4613,187,6/6/2024
ebooelnqk@plala.or.jp,116,1919,5841,108,12/26/2023
mkingswoldql@china.com.cn,79,780,4894,27,8/9/2023
fpharaohqm@unblog.fr,159,1484,1694,23,10/28/2023
amckinieqn@patch.com,132,1728,1242,39,12/24/2023
lbeeckqo@google.com.br,89,202,1943,27,1/24/2024
laberhartqp@icq.com,145,1419,1535,181,2/22/2024
sporttqq@dedecms.com,165,1767,2640,157,6/5/2024
aburnhardqr@cmu.edu,73,901,3547,158,5/22/2023
bgreeveqs@bloglovin.com,179,1868,6335,75,5/19/2024
smarklqt@cyberchimps.com,136,1960,2996,151,1/18/2024
psteeplesqu@rambler.ru,144,1312,3192,171,4/23/2024
xlembckeqv@google.com.br,93,1565,1372,214,5/17/2023
csheaqw@shareasale.com,117,1982,6256,224,5/16/2023
anagleqx@hibu.com,107,1598,6710,51,11/12/2023
dgreenstockqy@princeton.edu,149,794,2023,109,8/12/2023
ptitmussqz@nba.com,145,1599,3514,194,8/13/2023
rgiovannir0@qq.com,125,368,5772,177,9/19/2023
rduvalr1@wunderground.com,69,1114,1485,143,6/11/2024
chelderr2@rambler.ru,71,1472,6659,133,5/31/2024
agodmerr3@mayoclinic.com,159,1039,547,26,4/1/2024
mshoner4@github.io,129,567,1484,165,8/15/2023
ealpesr5@va.gov,190,415,3093,181,7/1/2023
jduddinr6@about.com,191,446,1566,202,3/3/2024
shurlingr7@techcrunch.com,66,1360,76,79,6/1/2023
binglestonr8@discuz.net,184,1963,1768,144,10/22/2023
sslimmingr9@cargocollective.com,109,882,1224,18,1/24/2024
zscreenra@time.com,176,1036,1381,63,4/5/2024
lfozardrb@sciencedirect.com,196,1292,833,233,1/10/2024
cstickneyrc@ibm.com,147,1726,1658,174,5/27/2024
jyashinrd@edublogs.org,146,635,4219,140,4/19/2024
dmarvalre@marriott.com,105,534,5975,232,8/28/2023
cebleinrf@examiner.com,99,160,2742,55,10/18/2023
kklaiserrg@w3.org,154,1538,5633,165,11/5/2023
mfaheyrh@creativecommons.org,79,1995,448,146,4/23/2024
ekirmanri@soup.io,135,1991,6503,24,6/2/2023
awinchcomberj@liveinternet.ru,94,1131,5613,179,5/28/2023
bvonderemptenrk@wikia.com,181,466,59,217,6/12/2023
sbadmanrl@issuu.com,101,1781,1045,144,12/17/2023
afehelyrm@mapy.cz,140,1288,6108,107,5/26/2023
dpattersonrn@unc.edu,99,1076,6779,234,6/20/2023
gprobbinro@illinois.edu,169,232,6608,15,6/14/2024
darchbaldrp@google.pl,108,1204,3329,150,6/26/2023
aboynrq@artisteer.com,123,1386,1835,5,6/15/2023
gwheatcroftrr@shareasale.com,147,407,4082,188,5/4/2024
