mdumbrall0@spotify.com,165,1092,378,195,9/5/2023
pingamells1@privacy.gov.au,67,2569,442,196,7/29/2023
ncoult2@yale.edu,161,2798,66,128,7/10/2023
blapping3@ucla.edu,113,1280,463,65,3/11/2024
lrodda4@craigslist.org,144,2288,138,22,2/1/2024
ostannus5@people.com.cn,161,1992,445,125,2/3/2024
sbutter6@liveinternet.ru,198,4892,425,18,10/22/2023
csealove7@wordpress.com,99,3649,447,97,5/12/2024
cdanell8@miibeian.gov.cn,122,3772,341,155,11/12/2023
rchezier9@hp.com,139,274,412,212,6/7/2023
kkingwella@smugmug.com,107,4802,308,129,1/5/2024
cstaileyb@issuu.com,62,3369,408,100,10/15/2023
jalexanderssonc@netlog.com,89,2573,253,68,8/5/2023
lalliband@phoca.cz,174,4380,199,41,5/24/2024
bmatokhnine@thetimes.co.uk,163,4429,57,105,5/4/2024
nfreshwaterf@scribd.com,121,4739,402,92,6/8/2024
askirling@ucoz.com,73,2629,340,134,2/3/2024
cdingh@theguardian.com,67,1904,488,204,11/6/2023
whoverti@loc.gov,187,3290,222,55,11/12/2023
emasselinj@patch.com,183,1922,27,35,1/23/2024
jmichielk@dyndns.org,140,2964,235,37,9/3/2023
gcostanl@techcrunch.com,127,3849,101,45,7/19/2023
sreanm@pagesperso-orange.fr,90,2655,494,43,6/26/2023
bayreen@acquirethisname.com,75,954,134,55,5/8/2023
rdrakeo@cloudflare.com,126,1213,202,190,11/20/2023
rshelmerdinep@netvibes.com,158,2943,205,210,5/21/2023
aparrenq@fastcompany.com,139,770,251,76,5/11/2023
gvongrollmannr@woothemes.com,144,305,466,44,10/6/2023
ceavess@hugedomains.com,142,2197,311,42,6/14/2023
opeerst@last.fm,113,3968,337,85,6/15/2023
ssayu@clickbank.net,113,4514,104,39,5/13/2024
emilvarniev@salon.com,156,1263,491,151,6/8/2024
vspeakw@bloglines.com,106,2218,101,130,12/19/2023
mhandmorex@tuttocitta.it,193,3711,32,86,6/19/2023
tmccaugheyy@wikia.com,150,1022,31,128,1/21/2024
wmattaserz@booking.com,151,877,134,136,8/21/2023
gdruitt10@360.cn,74,2907,94,120,11/12/2023
pdanielian11@wikipedia.org,170,969,467,176,4/29/2024
wdarlison12@omniture.com,169,4702,222,149,7/29/2023
nbarrass13@ft.com,163,865,131,233,9/5/2023
ntorr14@loc.gov,109,2180,25,130,8/8/2023
mheining15@g.co,63,2454,330,20,6/1/2024
psturgeon16@kickstarter.com,136,719,228,122,5/2/2024
rffrench17@gov.uk,86,3248,195,6,9/21/2023
mcronkshaw18@squarespace.com,132,1045,427,175,5/30/2023
lmacparlan19@dropbox.com,187,4886,117,99,3/20/2024
sgribbins1a@google.de,131,223,23,124,3/4/2024
rbarthram1b@unc.edu,113,3180,150,74,6/16/2023
vpiggot1c@flavors.me,137,1265,33,30,5/20/2024
ddaveridge1d@people.com.cn,155,3541,348,119,4/27/2024
ckingswoode1e@columbia.edu,186,3302,115,176,12/17/2023
npeetermann1f@twitter.com,109,1256,344,223,4/5/2024
tcolles1g@answers.com,110,4908,271,188,6/4/2024
aogorman1h@usgs.gov,139,3718,208,240,5/22/2024
lskene1i@noaa.gov,167,3343,113,159,6/4/2023
ddonohoe1j@princeton.edu,62,1112,54,106,4/16/2024
fgeleman1k@netscape.com,112,3157,479,67,7/22/2023
cbrookzie1l@dyndns.org,165,3486,456,98,7/28/2023
bkirton1m@tripadvisor.com,103,1527,207,54,9/14/2023
egaytor1n@mozilla.com,92,3471,132,180,3/7/2024
akenright1o@prweb.com,158,1773,393,60,10/22/2023
arimbault1p@alibaba.com,194,4052,378,64,4/18/2024
awaterland1q@bigcartel.com,101,1339,2,56,12/23/2023
abowley1r@behance.net,196,3434,93,220,3/12/2024
fpalffy1s@wired.com,188,1674,152,21,11/5/2023
uramshay1t@utexas.edu,118,1933,407,29,4/26/2024
tmcandrew1u@blog.com,122,4624,430,89,2/14/2024
plebarre1v@list-manage.com,180,876,417,82,12/4/2023
rchasle1w@twitpic.com,171,4640,152,124,3/13/2024
dchicken1x@opensource.org,151,205,499,124,9/26/2023
cduchateau1y@creativecommons.org,102,115,125,72,5/19/2023
delford1z@yellowpages.com,191,3219,467,146,7/22/2023
ehaycock20@harvard.edu,99,4735,378,228,2/8/2024
byouthed21@ifeng.com,130,3878,396,181,8/31/2023
ilusher22@github.io,97,143,154,156,10/25/2023
jcortin23@loc.gov,184,3466,257,36,6/7/2023
kacomb24@angelfire.com,93,3271,224,235,9/15/2023
mgenner25@odnoklassniki.ru,118,1305,464,167,1/11/2024
afutcher26@yahoo.com,156,2440,213,149,8/3/2023
fburleigh27@adobe.com,166,3167,6,206,10/6/2023
wwhicher28@jiathis.com,91,3352,430,181,2/6/2024
ethickett29@merriam-webster.com,105,1186,450,60,8/23/2023
chintze2a@youtu.be,165,4955,318,168,8/31/2023
vharber2b@time.com,66,117,235,172,1/11/2024
dpales2c@technorati.com,145,4227,47,220,2/16/2024
pbyre2d@simplemachines.org,104,587,194,113,2/25/2024
vridolfo2e@indiegogo.com,77,280,134,83,12/16/2023
mhardisty2f@squarespace.com,73,3226,89,114,1/19/2024
apollok2g@de.vu,82,745,89,29,5/15/2024
ahungerford2h@nba.com,184,4417,312,68,1/16/2024
ofrichley2i@auda.org.au,64,1969,459,216,9/16/2023
mroantree2j@washington.edu,87,1013,161,196,5/8/2023
apickance2k@house.gov,94,4895,219,120,10/18/2023
iroderigo2l@blogger.com,170,134,53,209,5/30/2023
vtomich2m@vk.com,156,3348,32,43,1/10/2024
asex2n@xing.com,72,1866,222,190,7/7/2023
mdundendale2o@behance.net,143,1303,423,239,4/30/2024
jflaubert2p@ucsd.edu,75,3714,164,158,8/13/2023
lschinetti2q@amazon.de,69,680,292,53,5/1/2023
mcridlon2r@xinhuanet.com,164,3458,284,25,12/1/2023
ctatton2s@latimes.com,165,3575,271,87,10/7/2023
kglazer2t@booking.com,61,2475,490,25,8/27/2023
dlesieur2u@51.la,125,2556,140,166,8/25/2023
cdilrew2v@mayoclinic.com,88,4922,432,77,5/2/2023
gburel2w@1688.com,131,510,247,35,8/11/2023
sdalesco2x@utexas.edu,67,3685,411,189,6/2/2024
mbosworth2y@marriott.com,106,907,474,135,4/26/2024
drosenauer2z@nps.gov,139,905,271,7,9/22/2023
npinnick30@weibo.com,179,170,295,69,10/21/2023
gtallow31@com.com,109,3494,353,106,7/28/2023
pcardwell32@naver.com,156,4942,433,93,11/27/2023
rcappineer33@1und1.de,164,3953,76,104,10/8/2023
esive34@clickbank.net,104,4159,10,197,10/1/2023
tachrameev35@seattletimes.com,156,1333,493,18,2/23/2024
ophillimore36@bizjournals.com,151,70,384,113,5/23/2024
rlegh37@wikispaces.com,67,3288,302,43,6/9/2024
ktibb38@t-online.de,122,1296,377,26,2/8/2024
lmitkov39@yandex.ru,87,4402,362,208,5/24/2023
kbreedy3a@umich.edu,74,1895,366,103,6/2/2024
cvodden3b@surveymonkey.com,188,10,207,13,3/3/2024
kstannis3c@go.com,123,1725,464,99,7/9/2023
rtotaro3d@naver.com,193,4155,266,14,10/7/2023
ctalbot3e@delicious.com,86,5000,481,211,9/29/2023
lfranciotti3f@ezinearticles.com,197,923,171,14,12/3/2023
geste3g@berkeley.edu,146,1003,102,94,4/6/2024
cmaiden3h@biglobe.ne.jp,72,4628,438,4,11/28/2023
pneasham3i@accuweather.com,65,3830,101,26,4/19/2024
nortell3j@mozilla.org,142,3429,45,183,3/28/2024
dlebosse3k@livejournal.com,106,4280,342,117,4/30/2024
wcartan3l@ehow.com,119,1443,414,40,4/17/2024
mwaterfield3m@marketwatch.com,195,1970,365,127,3/18/2024
ghoulworth3n@typepad.com,103,1243,391,178,3/14/2024
ajakubowski3o@furl.net,162,849,379,48,8/20/2023
lkevern3p@blog.com,118,2867,69,114,11/27/2023
hvaller3q@prnewswire.com,81,2352,265,158,10/11/2023
lborrill3r@gizmodo.com,128,1380,325,147,5/14/2024
cbench3s@friendfeed.com,177,2389,105,126,2/29/2024
wgorse3t@tuttocitta.it,173,4237,301,223,12/21/2023
tpilmer3u@macromedia.com,95,4716,174,180,9/18/2023
amcevilly3v@blogger.com,135,3572,338,161,5/21/2024
ddegliantoni3w@odnoklassniki.ru,196,1508,338,87,3/1/2024
lchew3x@weebly.com,133,3070,290,101,5/4/2024
hkollatsch3y@odnoklassniki.ru,95,4345,390,111,11/12/2023
hcreggan3z@irs.gov,64,837,400,110,6/9/2024
etidey40@techcrunch.com,82,3883,424,117,1/14/2024
dbailey41@desdev.cn,117,4084,319,23,6/14/2024
jkrzyzowski42@icq.com,68,4451,44,212,5/10/2024
nminucci43@sun.com,82,2682,198,133,2/11/2024
gshoebottom44@vinaora.com,137,4527,193,217,1/3/2024
cwareing45@google.fr,83,2317,490,104,12/27/2023
bfroschauer46@china.com.cn,177,2738,32,41,12/11/2023
avickar47@pagesperso-orange.fr,138,3670,74,66,4/18/2024
gkrauze48@icio.us,168,3765,312,15,3/23/2024
hquinby49@exblog.jp,200,3070,4,72,12/3/2023
fsedgman4a@blogspot.com,96,2658,405,37,6/17/2024
kcagan4b@reverbnation.com,190,4340,200,175,4/24/2024
ccuming4c@google.de,101,1471,59,79,8/16/2023
bklimuk4d@sfgate.com,63,1453,465,103,10/15/2023
gkingsford4e@about.com,194,2934,486,133,5/6/2024
eextal4f@prlog.org,142,2563,48,123,5/8/2024
fbrodest4g@wix.com,101,2454,292,76,11/30/2023
asharpous4h@sbwire.com,106,553,66,226,10/13/2023
ccharnick4i@noaa.gov,116,1762,442,139,5/29/2024
oterrell4j@sogou.com,64,924,213,188,9/24/2023
jhadigate4k@free.fr,134,930,270,43,1/6/2024
candries4l@bizjournals.com,62,586,213,167,6/6/2024
hnottingam4m@yahoo.co.jp,189,4318,214,93,5/8/2023
kquested4n@issuu.com,82,4741,406,106,10/2/2023
gjosum4o@tripadvisor.com,160,4289,272,10,7/21/2023
tbache4p@time.com,152,4963,126,141,6/10/2023
nmacy4q@businesswire.com,127,4485,309,153,6/23/2023
rdybell4r@nsw.gov.au,115,1988,248,58,4/25/2024
dwhittier4s@dedecms.com,66,3521,261,74,5/19/2024
lbleby4t@so-net.ne.jp,168,2744,249,203,5/16/2023
brawdall4u@nature.com,190,4993,246,108,9/14/2023
gfowlie4v@auda.org.au,64,330,417,201,6/10/2024
lthrelfall4w@ning.com,125,2031,101,229,10/4/2023
knavan4x@spotify.com,137,2445,343,48,5/17/2024
etemperley4y@over-blog.com,80,4900,180,70,10/18/2023
abrothwell4z@bloglovin.com,138,4452,395,88,8/19/2023
wchoake50@diigo.com,111,1771,197,131,1/15/2024
ezorzin51@amazon.co.jp,123,1587,22,56,8/14/2023
rpinyon52@privacy.gov.au,97,3101,23,230,12/5/2023
bblazey53@csmonitor.com,159,2827,174,106,8/24/2023
vvansaltsberg54@nhs.uk,128,646,292,178,1/5/2024
mritchman55@dmoz.org,103,4920,469,215,11/2/2023
bfeatherstone56@dyndns.org,69,3762,289,187,5/5/2024
jphilippet57@smugmug.com,132,16,312,109,6/9/2024
fbalducci58@tiny.cc,138,210,174,206,10/1/2023
bbrent59@howstuffworks.com,107,3262,13,109,11/6/2023
achezier5a@boston.com,109,1721,29,119,8/9/2023
tjennaroy5b@jiathis.com,77,3448,426,169,4/24/2024
kdeas5c@mac.com,148,864,291,201,12/28/2023
rlardner5d@myspace.com,113,2087,219,22,6/30/2023
jyakob5e@163.com,135,4689,41,56,3/2/2024
lryle5f@fda.gov,78,4522,254,195,3/22/2024
aantonignetti5g@scientificamerican.com,111,3114,133,141,6/10/2023
mharbord5h@icq.com,94,3388,495,106,4/21/2024
mborrow5i@nasa.gov,163,4338,155,206,2/12/2024
kpalffrey5j@mlb.com,122,2890,403,36,9/23/2023
dgoodale5k@amazonaws.com,89,1094,147,127,6/23/2023
zhawkins5l@tripod.com,66,849,412,103,11/22/2023
kchitter5m@rakuten.co.jp,92,4022,239,72,10/4/2023
isherlaw5n@qq.com,157,4574,16,215,5/7/2023
tjaggi5o@pbs.org,185,3709,483,228,11/9/2023
dsebrens5p@cbsnews.com,122,880,30,110,6/5/2023
dheaton5q@cbc.ca,60,3568,293,216,3/18/2024
lputtan5r@virginia.edu,105,437,389,179,1/10/2024
afleming5s@hud.gov,65,4013,442,45,7/31/2023
pkirwan5t@senate.gov,182,563,212,19,3/22/2024
acramp5u@t-online.de,172,3491,405,139,7/14/2023
jpoletto5v@photobucket.com,178,2612,71,166,10/15/2023
lcorinton5w@bandcamp.com,111,3640,123,55,7/16/2023
lbetonia5x@t.co,106,2385,90,103,9/30/2023
rschwandermann5y@diigo.com,186,4360,287,56,7/1/2023
slattimer5z@tinypic.com,128,3300,221,108,4/27/2024
glindblom60@jiathis.com,164,4480,161,56,8/7/2023
irobiot61@vk.com,68,403,359,137,1/24/2024
alongworthy62@acquirethisname.com,144,2257,424,122,5/3/2024
iwhilder63@ox.ac.uk,172,3648,405,210,2/22/2024
sshasnan64@shinystat.com,88,3345,29,24,5/17/2023
sgregoraci65@diigo.com,195,4359,121,93,9/4/2023
kneaverson66@toplist.cz,193,4150,191,183,6/16/2024
mmarcum67@amazon.co.jp,182,1513,24,22,6/18/2024
sdanskine68@ftc.gov,66,2217,454,140,10/9/2023
nswinnerton69@odnoklassniki.ru,91,4324,121,197,6/29/2023
litzkovitch6a@economist.com,101,2387,376,173,11/15/2023
sbirrel6b@xing.com,64,1706,111,178,1/4/2024
kthompsett6c@squidoo.com,130,1260,266,78,3/12/2024
alapadula6d@nifty.com,119,4205,81,37,2/29/2024
adebanke6e@fda.gov,75,693,244,163,7/28/2023
geadmeads6f@comsenz.com,130,1948,229,148,6/5/2024
lnorthage6g@washington.edu,174,130,407,28,1/5/2024
jstean6h@skyrock.com,102,1303,30,95,2/19/2024
gkruger6i@blogspot.com,123,2902,486,186,5/1/2023
hhardingham6j@posterous.com,113,1754,356,52,7/29/2023
eknuckles6k@dell.com,133,54,127,65,10/11/2023
criccardelli6l@joomla.org,97,1459,267,111,8/29/2023
kdeverehunt6m@simplemachines.org,63,4008,291,82,8/30/2023
obarlthrop6n@cocolog-nifty.com,114,4565,488,2,11/16/2023
bworpole6o@hexun.com,96,4865,312,66,2/10/2024
tedgehill6p@wunderground.com,103,232,268,193,5/14/2023
areilinger6q@reddit.com,84,750,392,29,1/18/2024
csumshon6r@hostgator.com,148,1050,246,238,9/20/2023
thorick6s@sohu.com,108,1096,420,231,8/12/2023
alealle6t@berkeley.edu,167,2438,289,91,5/27/2023
nmaffini6u@dot.gov,135,3495,469,6,7/27/2023
ccannaway6v@zdnet.com,93,4139,374,38,1/24/2024
mzmitrovich6w@slate.com,70,3972,412,2,11/16/2023
jmichele6x@alibaba.com,66,2105,125,22,5/12/2023
bstrettell6y@123-reg.co.uk,104,725,432,79,9/24/2023
onother6z@flickr.com,127,4861,482,208,11/11/2023
mantrack70@foxnews.com,99,1994,167,56,12/7/2023
ccarlsen71@imgur.com,191,4645,476,177,12/15/2023
apugh72@independent.co.uk,140,958,431,157,5/30/2023
jbowmaker73@google.it,136,3427,356,167,5/20/2024
sduly74@cornell.edu,152,3181,58,77,4/5/2024
sdalessandro75@pagesperso-orange.fr,80,1072,416,167,1/24/2024
beicke76@uol.com.br,193,2206,16,85,4/2/2024
nmechem77@typepad.com,193,1042,382,235,6/12/2024
csalandino78@whitehouse.gov,198,720,151,93,4/2/2024
zkillough79@sun.com,97,2630,408,138,4/14/2024
ifley7a@forbes.com,109,4290,272,133,1/2/2024
nbeiderbeck7b@springer.com,197,2944,358,202,7/24/2023
kjarrelt7c@webmd.com,182,807,239,125,2/26/2024
dcrinage7d@usa.gov,160,4891,43,69,9/22/2023
aespinos7e@arstechnica.com,178,3455,290,214,3/28/2024
jkirkham7f@hao123.com,143,1901,127,48,7/6/2023
tmcconaghy7g@ca.gov,96,2151,386,238,4/23/2024
tallbrook7h@tumblr.com,191,514,301,23,6/17/2024
mhayth7i@bloglines.com,155,3924,428,10,11/26/2023
cbreese7j@scribd.com,69,3019,369,149,6/2/2023
jcoy7k@slashdot.org,141,3120,141,19,5/18/2023
qhavill7l@ehow.com,148,938,425,64,5/23/2024
mcock7m@rediff.com,104,2200,78,184,5/20/2023
rtremberth7n@arizona.edu,174,1062,311,150,4/10/2024
deliesco7o@bandcamp.com,95,2418,45,30,6/9/2023
gtansey7p@ucla.edu,139,685,126,20,5/13/2023
adiano7q@bluehost.com,114,4575,340,40,3/19/2024
gkilban7r@loc.gov,146,538,202,234,1/14/2024
kbinch7s@nba.com,67,2457,360,64,4/9/2024
adunnico7t@nhs.uk,149,2739,2,129,4/6/2024
isimonaitis7u@bbc.co.uk,84,502,464,154,1/9/2024
calsford7v@gnu.org,104,4152,325,224,8/29/2023
hscottrell7w@moonfruit.com,150,3330,130,143,9/22/2023
bvosper7x@skype.com,199,4715,458,163,5/16/2024
dtrunkfield7y@issuu.com,81,3303,369,221,5/13/2024
brigardeau7z@posterous.com,119,1980,423,59,9/1/2023
mhugues80@flickr.com,75,1108,43,175,6/2/2023
bedmonds81@altervista.org,67,1758,373,170,12/31/2023
fhartop82@instagram.com,118,3966,231,71,2/8/2024
abuckie83@storify.com,107,3968,238,152,6/11/2023
sfrodsam84@ca.gov,115,291,329,205,5/4/2023
cimbrey85@github.io,148,1959,241,33,1/30/2024
sfobidge86@bluehost.com,109,4514,449,36,6/23/2023
trasher87@ed.gov,150,231,129,233,8/9/2023
eblenkinship88@livejournal.com,110,4594,339,117,5/2/2024
ssavil89@usnews.com,65,737,266,55,5/11/2024
ccajkler8a@bbc.co.uk,175,3654,223,187,8/23/2023
igreder8b@over-blog.com,87,1490,148,95,12/17/2023
jflinn8c@newsvine.com,88,2494,232,56,5/12/2024
detchell8d@friendfeed.com,150,865,46,205,6/8/2024
echeng8e@vimeo.com,200,2406,339,10,4/14/2024
kchilders8f@posterous.com,96,4152,272,93,4/17/2024
apurdon8g@uiuc.edu,113,1886,339,180,10/27/2023
kboldry8h@imdb.com,144,4973,420,127,7/2/2023
fmcarley8i@uol.com.br,113,1376,192,168,2/26/2024
bfiler8j@walmart.com,77,460,429,236,6/10/2023
walvarado8k@phpbb.com,75,3705,438,22,7/30/2023
echellam8l@geocities.com,170,2531,367,91,10/6/2023
dsloper8m@w3.org,191,3268,8,218,11/27/2023
wrilston8n@trellian.com,119,2671,228,22,10/28/2023
msenten8o@ow.ly,80,223,216,136,8/1/2023
cmeikle8p@sun.com,66,4652,52,200,12/6/2023
fstryde8q@de.vu,91,2741,230,141,10/9/2023
njessen8r@smh.com.au,190,2858,272,130,9/5/2023
bsirl8s@china.com.cn,200,3774,314,4,2/12/2024
bbrentnall8t@diigo.com,178,1084,305,171,2/23/2024
sbreem8u@nydailynews.com,76,201,464,69,4/14/2024
jbaggs8v@wordpress.com,167,3031,382,14,3/1/2024
dvillalta8w@artisteer.com,101,591,358,97,3/28/2024
evalde8x@pagesperso-orange.fr,197,629,205,52,6/5/2024
ljeanin8y@blogs.com,143,563,53,227,1/10/2024
afouracres8z@nytimes.com,161,3518,221,85,7/4/2023
hkmieciak90@squarespace.com,71,2738,155,133,9/1/2023
bbarthelmes91@rakuten.co.jp,176,2888,452,180,10/6/2023
hpedreschi92@webs.com,129,1778,141,19,7/30/2023
gbraid93@creativecommons.org,170,744,354,206,1/10/2024
ileroux94@addthis.com,159,2082,106,205,3/3/2024
emogie95@zdnet.com,146,4958,188,211,10/6/2023
gallington96@aol.com,110,2231,160,110,1/24/2024
vbarles97@weebly.com,163,968,115,10,6/9/2024
darmstead98@samsung.com,188,2475,238,72,6/3/2023
pdrake99@wiley.com,75,1023,400,77,12/3/2023
mlaming9a@upenn.edu,85,2545,437,205,11/3/2023
trobertelli9b@examiner.com,96,2791,183,107,9/13/2023
kaberkirdo9c@nba.com,105,3574,119,143,4/20/2024
mbaack9d@cam.ac.uk,89,2899,469,16,10/8/2023
mnotman9e@wp.com,130,3885,480,199,4/11/2024
zthomtson9f@usgs.gov,188,4956,202,59,6/28/2023
rtully9g@simplemachines.org,187,3505,470,126,1/14/2024
aklimowski9h@aboutads.info,200,2387,318,206,3/25/2024
megel9i@geocities.jp,111,3660,223,100,7/23/2023
srulf9j@issuu.com,181,1206,379,86,11/18/2023
mcottle9k@behance.net,71,3041,239,100,11/20/2023
jrushe9l@alexa.com,153,597,358,237,9/19/2023
mmcfarlan9m@virginia.edu,116,4587,455,39,7/24/2023
arickword9n@so-net.ne.jp,136,814,115,81,3/1/2024
sreasce9o@so-net.ne.jp,170,2989,189,172,4/29/2024
gparadis9p@vistaprint.com,95,3682,491,215,12/31/2023
cnormanville9q@gravatar.com,200,2442,322,139,6/28/2023
gcogin9r@homestead.com,97,2340,157,83,1/31/2024
lmyton9s@mlb.com,63,3501,255,56,12/7/2023
rrikkard9t@seattletimes.com,143,4334,233,161,3/20/2024
jbolton9u@github.io,168,2516,368,211,3/8/2024
erilings9v@bandcamp.com,162,1218,420,79,1/9/2024
sbriereton9w@cisco.com,195,388,75,6,2/7/2024
amcilvaney9x@walmart.com,70,1436,247,85,10/5/2023
mmckeefry9y@seattletimes.com,167,387,172,230,2/20/2024
jstrase9z@twitpic.com,154,1758,73,229,11/19/2023
bpizziea0@about.me,63,4839,27,82,12/3/2023
egilfethera1@ameblo.jp,105,4217,488,51,1/31/2024
creignoulda2@gravatar.com,152,2524,392,93,4/18/2024
jmynetta3@wufoo.com,73,727,186,37,4/21/2024
abambraa4@parallels.com,135,1951,22,8,1/29/2024
rormstona5@chron.com,132,1761,95,79,2/28/2024
oaslama6@kickstarter.com,102,3545,371,187,5/10/2024
sbartaa7@prnewswire.com,190,484,122,90,9/5/2023
hodeegana8@discuz.net,177,3312,132,92,5/14/2023
wkellsa9@latimes.com,87,3323,427,83,3/4/2024
vmaccardaa@google.com,168,4230,356,30,10/29/2023
ewillab@npr.org,76,4448,177,174,6/5/2024
vshaulac@npr.org,87,3730,155,85,10/25/2023
gvanzonad@canalblog.com,129,1908,88,161,10/26/2023
rvandaleae@weibo.com,126,2847,251,89,5/13/2023
fphythonaf@craigslist.org,172,4004,37,65,10/5/2023
gdreppag@cdc.gov,110,3937,482,158,3/1/2024
mcaustonah@wp.com,81,4103,185,186,5/30/2024
lgotchai@alexa.com,101,2463,439,87,4/2/2024
mdeexaj@yahoo.co.jp,193,4841,107,55,7/24/2023
fgordenak@yandex.ru,154,2281,209,61,8/9/2023
phuncootal@mapy.cz,158,2308,41,120,10/20/2023
jduligalam@blogger.com,75,1407,19,198,3/7/2024
stosneyan@ask.com,160,2873,452,83,8/22/2023
gnibleyao@boston.com,157,87,42,117,6/3/2024
ssedgemoreap@prlog.org,146,4236,131,36,5/10/2023
dryalaq@alibaba.com,120,4112,414,146,10/5/2023
rmynottar@apache.org,120,3217,487,98,8/14/2023
tbasnettas@lulu.com,160,4016,238,222,6/3/2023
jrossbrookat@liveinternet.ru,87,3293,169,146,5/9/2024
rslydeau@php.net,193,3495,238,193,5/8/2024
pandreiav@domainmarket.com,104,1438,226,25,6/9/2024
cmeekinsaw@wordpress.org,169,1669,344,23,7/31/2023
baultax@ask.com,160,3463,245,127,2/16/2024
dzuanazziay@tmall.com,73,2631,386,104,8/22/2023
jlomathaz@aol.com,70,134,43,17,4/3/2024
mgranvilleb0@hc360.com,187,1853,395,214,1/25/2024
pbirbeckb1@amazonaws.com,107,4395,240,129,5/10/2023
rdowkerb2@hc360.com,104,2091,260,213,9/12/2023
abozworthb3@linkedin.com,143,2567,342,102,6/19/2023
hscarmanb4@washington.edu,186,2009,254,147,3/14/2024
nderrettb5@sakura.ne.jp,88,2755,57,85,9/3/2023
gporteb6@utexas.edu,186,4041,463,7,9/30/2023
rpapenb7@typepad.com,93,43,47,51,2/23/2024
eseftonb8@is.gd,107,4201,378,7,9/7/2023
lpedicanb9@un.org,90,2427,351,152,7/8/2023
cshilstonba@princeton.edu,192,3357,309,235,3/30/2024
ccorballybb@live.com,161,4879,201,180,10/8/2023
lpickenbc@lulu.com,190,2268,432,141,3/30/2024
apaliserbd@nba.com,183,4553,301,14,6/16/2024
nblazevicbe@cyberchimps.com,76,4867,418,78,6/4/2024
mofenerbf@google.co.jp,184,4396,329,52,4/20/2024
grudsdellbg@joomla.org,60,2830,420,215,1/29/2024
acurraghbh@gmpg.org,151,1615,412,180,7/31/2023
dscothronbi@diigo.com,93,3757,15,60,9/16/2023
rblackhurstbj@paypal.com,80,2507,87,42,6/14/2023
vlambartonbk@europa.eu,155,196,193,15,3/29/2024
rgreedierbl@blogs.com,133,633,309,24,3/8/2024
ikingsnorthbm@miitbeian.gov.cn,116,226,461,147,4/30/2024
rlaversbn@buzzfeed.com,176,798,264,144,6/5/2024
cmogiebo@edublogs.org,178,4253,64,81,7/8/2023
esmalmanbp@fc2.com,95,15,119,161,9/11/2023
acarnebq@pbs.org,84,3015,380,235,9/13/2023
cuttonbr@github.com,84,3627,47,77,7/11/2023
gmclenahanbs@ihg.com,93,61,176,192,7/22/2023
lpowriebt@scientificamerican.com,109,3295,193,83,3/3/2024
sstaintonbu@facebook.com,182,4359,348,80,11/10/2023
eporteousbv@foxnews.com,199,3238,374,105,4/3/2024
slomanseybw@paginegialle.it,65,4470,7,28,7/27/2023
ehounsombx@studiopress.com,102,4265,461,33,5/31/2024
ncaneroby@illinois.edu,196,1235,134,50,6/18/2024
mpyerbz@tinyurl.com,133,103,48,3,7/7/2023
femmittc0@senate.gov,138,2050,2,72,8/17/2023
ctunnicliffec1@addtoany.com,200,1696,499,159,11/10/2023
mjimenezc2@qq.com,165,3744,398,38,2/18/2024
hnastc3@fema.gov,144,1066,170,72,2/14/2024
sgaylordc4@goo.ne.jp,193,2300,455,237,4/29/2024
vabthorpec5@so-net.ne.jp,158,3568,198,154,5/11/2024
eloundsc6@ehow.com,149,1543,186,32,2/26/2024
ogheerhaertc7@imgur.com,195,2313,382,4,6/10/2023
bfernsc8@howstuffworks.com,99,4894,495,136,6/8/2024
ysaffec9@yelp.com,118,2982,101,63,5/26/2023
mstockerca@vk.com,133,593,238,29,10/11/2023
hmccuecb@technorati.com,181,3254,177,224,11/29/2023
abromigecc@domainmarket.com,160,744,230,191,5/31/2024
swinslowcd@tinypic.com,102,785,255,225,1/29/2024
cwalkdence@ycombinator.com,92,2914,125,63,7/24/2023
nlenoircf@netlog.com,189,4453,388,176,1/16/2024
dziemcg@webnode.com,110,3697,75,83,9/9/2023
rguerrych@webs.com,126,4421,166,86,8/11/2023
kangoveci@unicef.org,76,4423,264,162,12/29/2023
kmanhoodcj@who.int,177,3032,316,40,6/15/2023
runsworthck@issuu.com,161,1069,341,3,11/21/2023
ialdiecl@w3.org,95,4659,427,55,9/20/2023
lcomiamcm@ed.gov,127,3622,30,42,1/12/2024
nbellwoodcn@google.com.br,81,4122,311,38,3/26/2024
dlavissco@nba.com,77,1648,357,77,11/8/2023
etwellscp@ycombinator.com,98,1568,488,18,9/19/2023
oambrozcq@ibm.com,145,3091,410,63,12/25/2023
ggaynsfordcr@myspace.com,97,2296,162,56,6/4/2023
hbremnercs@phoca.cz,128,2550,157,147,9/20/2023
nheakeyct@taobao.com,143,3989,191,153,7/14/2023
bbruincu@si.edu,79,4193,226,45,3/30/2024
lwanklincv@archive.org,81,4,157,19,10/15/2023
apittlecw@reuters.com,64,821,429,134,12/25/2023
pstannettcx@zimbio.com,156,4092,453,91,12/4/2023
nbroggiocy@usatoday.com,126,3388,370,93,6/13/2024
fcullumcz@weebly.com,162,994,497,203,6/3/2024
wmushettd0@cbsnews.com,150,2027,115,203,12/11/2023
rlittlejohnd1@twitpic.com,182,2241,235,54,8/11/2023
cajeand2@rakuten.co.jp,164,2646,136,13,3/10/2024
rpidwelld3@list-manage.com,109,1972,279,157,7/24/2023
sgiveend4@delicious.com,148,2876,254,193,12/21/2023
tmerand5@webs.com,68,2813,460,91,1/26/2024
tsulllyd6@naver.com,136,4341,150,102,6/16/2024
rsanchesd7@java.com,65,1562,482,81,5/31/2023
dtrewarthad8@google.com.hk,70,95,220,221,12/9/2023
enorthcottd9@imdb.com,139,3720,353,218,8/1/2023
sdumingosda@google.ca,65,3455,442,11,6/28/2023
ashaweldb@instagram.com,77,4267,128,144,5/19/2023
tcicconedc@indiegogo.com,162,1522,430,210,6/14/2023
delstondd@360.cn,168,2143,27,70,6/11/2023
dsilverlockde@intel.com,133,327,212,111,5/23/2023
cbthamdf@acquirethisname.com,148,1064,488,29,4/3/2024
pbarklydg@hp.com,76,720,266,17,6/8/2023
sflavertydh@usgs.gov,94,4533,454,66,5/29/2024
aperelldi@bluehost.com,184,3697,392,181,6/17/2024
swadforthdj@lycos.com,185,3759,499,240,2/13/2024
afancottdk@amazon.co.jp,69,4491,3,232,5/6/2023
lchaplaindl@pbs.org,132,2570,105,85,11/29/2023
bmerringtondm@gmpg.org,157,162,306,42,1/16/2024
ppersehousedn@wunderground.com,176,764,339,238,5/30/2023
vmatissoffdo@umn.edu,190,660,396,203,5/20/2023
ddeperodp@xrea.com,172,2018,164,137,5/16/2023
mstrobandq@4shared.com,100,3942,77,230,9/29/2023
smassimidr@opensource.org,189,236,220,70,11/16/2023
bsweetenhamds@va.gov,163,4307,13,147,3/20/2024
mgenthnerdt@nature.com,72,1526,146,195,12/26/2023
rseyersdu@nsw.gov.au,96,1400,407,97,12/13/2023
aarkwrightdv@boston.com,109,2334,473,98,7/30/2023
gpoeldw@twitter.com,192,4225,190,63,5/26/2023
bsillettdx@bbb.org,198,109,237,89,11/13/2023
jcrossandy@blinklist.com,125,4026,302,164,11/11/2023
scastilledz@mac.com,122,190,126,103,5/7/2024
abewseye0@utexas.edu,176,4652,173,168,3/7/2024
mglayshere1@unblog.fr,102,4222,440,32,7/20/2023
sbearblocke2@ocn.ne.jp,115,1223,426,149,5/1/2024
zthomasene3@mashable.com,185,1539,413,116,9/27/2023
cgeare4@elpais.com,182,3080,209,127,1/6/2024
tbrundlee5@omniture.com,123,2382,32,141,9/7/2023
bhallase6@vk.com,128,3949,38,216,6/3/2023
fbeneditee7@vimeo.com,171,1839,445,118,12/24/2023
cidlee8@si.edu,169,1862,204,194,7/10/2023
erowstone9@marriott.com,113,2008,465,14,2/24/2024
lchalonerea@admin.ch,157,2329,261,188,1/5/2024
jschwandnereb@example.com,80,3118,20,46,8/5/2023
carmsteadec@businesswire.com,134,2527,19,80,4/7/2024
emunted@reddit.com,110,977,371,46,6/18/2023
ndanbrookee@over-blog.com,79,2391,418,16,12/17/2023
gbloomfieldef@harvard.edu,72,1086,334,215,5/26/2023
tgeroldinieg@china.com.cn,193,3920,97,199,5/10/2024
jrosieeh@fda.gov,169,581,317,115,1/4/2024
klangstoneei@timesonline.co.uk,68,4220,229,240,12/2/2023
mklausewitzej@forbes.com,190,935,54,167,7/6/2023
cdavionek@businessweek.com,137,4520,218,206,9/14/2023
divanonkoel@tripod.com,146,3064,266,83,7/17/2023
ajamiesonem@twitpic.com,78,3612,263,93,2/10/2024
aiannielloen@dedecms.com,189,221,66,72,3/24/2024
tokeyeo@hao123.com,190,3852,36,212,5/23/2023
vmatherep@ask.com,67,2287,267,95,1/16/2024
ihyronseq@themeforest.net,96,4,110,31,7/23/2023
dbrecherer@virginia.edu,140,2624,196,149,5/12/2023
pobeneyes@soundcloud.com,71,4053,265,139,5/17/2024
pgodthaabet@cisco.com,121,3923,271,49,6/11/2024
dklimochkineu@usatoday.com,143,1483,67,127,10/25/2023
bsizlandev@spiegel.de,86,4870,93,89,4/7/2024
vleybanew@chronoengine.com,153,4383,149,140,5/26/2023
kdurdleex@biglobe.ne.jp,95,2549,112,56,12/18/2023
ezannelliey@1und1.de,186,3322,422,17,5/15/2023
owigglesworthez@ebay.com,82,1231,313,11,7/8/2023
abriskeyf0@google.ca,137,188,309,54,1/8/2024
sjayf1@mlb.com,158,4815,209,138,12/20/2023
rblaschkef2@google.it,88,1474,435,201,12/3/2023
lpearlf3@photobucket.com,154,726,433,190,9/3/2023
gepgravef4@slashdot.org,191,3441,293,37,7/12/2023
nmcfetridgef5@yellowpages.com,172,1884,101,6,6/26/2023
dbramwichf6@cnet.com,69,3270,186,116,10/15/2023
llarnef7@godaddy.com,181,3296,186,199,5/14/2023
rfolletf8@loc.gov,135,1533,294,10,5/26/2023
lyankishinf9@pcworld.com,85,4456,495,148,7/21/2023
rjoynsonfa@google.it,176,1753,453,144,7/23/2023
jdearingfb@state.gov,111,1874,129,192,1/9/2024
lcottinghamfc@vinaora.com,166,3006,157,36,8/30/2023
jpybusfd@gov.uk,65,3347,137,71,9/10/2023
mmealhamfe@studiopress.com,60,4965,491,45,5/30/2024
afantoneff@bloglovin.com,178,3850,442,164,11/21/2023
rdillestonfg@cdbaby.com,117,144,391,127,6/23/2023
avondracekfh@unesco.org,150,1053,64,168,2/16/2024
wmellandfi@about.me,162,1448,67,224,9/9/2023
scaldesfj@photobucket.com,77,3429,351,116,6/7/2023
kdillewayfk@de.vu,143,2550,248,66,6/12/2024
bkeablefl@nasa.gov,131,3822,478,238,2/29/2024
mhebbornefm@msn.com,139,272,295,236,5/22/2024
kmauricefn@bandcamp.com,90,203,167,124,5/3/2024
bavrahamofffo@slideshare.net,192,1423,382,147,12/3/2023
dglassupfp@engadget.com,73,2688,120,52,8/18/2023
ryeuletfq@pcworld.com,70,4241,463,105,1/6/2024
blamplfr@ustream.tv,162,4491,107,51,3/17/2024
cnowellfs@delicious.com,130,3236,395,26,12/30/2023
gaveriesft@mail.ru,172,4572,275,190,4/27/2024
amorstattfu@weather.com,191,4350,27,238,3/21/2024
ithorntonfv@yolasite.com,198,3502,278,91,9/15/2023
tlesaunierfw@topsy.com,98,2561,84,159,6/3/2024
ehampshirefx@shop-pro.jp,140,2791,271,174,12/2/2023
vlenahanfy@purevolume.com,198,1983,196,212,3/19/2024
dfranciscofz@google.ca,192,3126,63,64,12/5/2023
lcappellg0@latimes.com,66,825,164,184,6/13/2024
kclubbeg1@webs.com,181,2665,190,231,3/2/2024
cbiggsg2@go.com,105,877,151,114,11/22/2023
pgladtbachg3@go.com,64,2762,337,157,10/14/2023
svauxg4@omniture.com,115,1649,230,55,6/19/2023
eeaglandg5@admin.ch,199,191,111,175,2/10/2024
lmapsong6@squarespace.com,127,4438,127,129,9/8/2023
sevendeng7@who.int,158,2055,74,140,9/22/2023
cpenticootg8@taobao.com,61,3000,53,37,5/24/2024
eborboroughg9@xinhuanet.com,140,55,411,125,11/6/2023
gsealeafga@pen.io,130,378,414,214,12/28/2023
lmcinteergb@uiuc.edu,92,435,497,101,11/24/2023
hdismoregc@surveymonkey.com,153,867,480,88,11/10/2023
dludwiggd@mapquest.com,151,4935,89,200,4/23/2024
thollyerge@usatoday.com,155,4704,178,6,1/2/2024
mchambersgf@hugedomains.com,155,4502,365,20,6/11/2024
awiggingg@java.com,77,1306,429,175,10/20/2023
vprozesckygh@google.nl,166,4307,385,190,3/19/2024
cmacgeaneygi@ucoz.ru,73,2774,161,77,12/31/2023
gnowlangj@upenn.edu,189,880,426,27,3/1/2024
jbeamishgk@abc.net.au,75,548,252,6,9/9/2023
jspellacygl@miibeian.gov.cn,70,1856,252,151,6/12/2024
jzukermangm@behance.net,186,3951,406,49,1/24/2024
oewbankegn@webmd.com,195,4217,487,149,5/6/2023
mmcsweeneygo@e-recht24.de,78,520,99,29,6/20/2023
clongstaffegp@stumbleupon.com,189,3015,172,80,1/8/2024
dtresvinagq@netlog.com,167,4563,446,24,12/14/2023
ckerridgegr@bbb.org,194,399,460,165,7/19/2023
gcunniamgs@cbslocal.com,123,861,485,161,5/21/2024
morneblowgt@delicious.com,149,1935,388,132,3/31/2024
rpridmoregu@google.ru,81,3596,157,166,5/6/2024
fscurrgv@behance.net,168,2538,92,194,5/25/2024
mdebruingw@amazonaws.com,82,920,391,120,8/2/2023
lferrimangx@howstuffworks.com,119,1637,490,151,4/6/2024
rgrattangy@google.com.hk,150,4375,492,166,1/13/2024
ggronauergz@mysql.com,159,4646,271,44,11/27/2023
zraddanh0@unicef.org,138,4933,456,92,10/14/2023
hvasichevh1@1und1.de,159,1154,390,144,2/13/2024
sabarrowh2@globo.com,126,1952,6,79,7/9/2023
mtrevinoh3@timesonline.co.uk,141,1402,430,133,5/29/2023
hparkhouseh4@nytimes.com,94,4201,318,74,1/31/2024
jmuspratth5@smh.com.au,134,1392,9,48,1/4/2024
smerwedeh6@facebook.com,167,1190,154,20,7/12/2023
jantosikh7@dmoz.org,87,2671,439,136,10/18/2023
bkallh8@epa.gov,172,43,14,160,11/19/2023
erosash9@webnode.com,180,3630,325,208,12/29/2023
corltonha@china.com.cn,174,491,69,237,1/19/2024
acasebournehb@bluehost.com,69,3341,404,196,6/30/2023
cbadhamhc@freewebs.com,180,4878,158,13,6/15/2023
kfitzpaynhd@myspace.com,103,2195,61,104,10/3/2023
helsegoodhe@berkeley.edu,162,291,145,148,11/22/2023
nbefroyhf@omniture.com,103,4280,369,44,9/17/2023
nfassbenderhg@mac.com,86,2163,22,204,2/19/2024
critterhh@archive.org,157,4140,397,223,12/9/2023
ademchenhi@cdc.gov,64,4341,143,61,6/18/2023
fworralhj@rambler.ru,128,2058,78,125,6/11/2024
collanderhk@buzzfeed.com,80,3704,171,126,8/4/2023
rlanghl@tumblr.com,95,4045,412,7,7/19/2023
dbilthm@fda.gov,146,494,306,35,7/2/2023
ggeorgiushn@php.net,190,637,406,209,1/25/2024
tadanezho@eepurl.com,106,556,50,199,3/30/2024
eclashhp@drupal.org,157,1772,52,32,5/7/2023
atidderhq@cnbc.com,92,4145,335,112,4/27/2024
hsantorahr@usatoday.com,140,1248,346,206,6/21/2023
thansberryhs@sohu.com,90,3253,238,225,7/6/2023
mleatherborrowht@com.com,108,4361,72,193,1/8/2024
srapaporthu@dedecms.com,87,2450,122,190,6/18/2024
ddorsayhv@cocolog-nifty.com,171,3514,7,147,11/2/2023
dabelovitzhw@mit.edu,118,4587,22,130,12/24/2023
jdyhousehx@mail.ru,185,1137,311,58,2/28/2024
mscrasehy@netscape.com,94,2087,296,69,11/2/2023
tocurranehz@washingtonpost.com,181,4980,69,157,2/12/2024
cenneveri0@google.cn,98,353,18,80,5/29/2023
lnairnei1@facebook.com,79,636,270,76,5/29/2024
brosieri2@51.la,60,491,111,182,6/28/2023
kgreenhalfi3@europa.eu,90,3812,168,239,11/13/2023
rsalsbergi4@slideshare.net,60,2815,395,51,6/16/2023
abetoni5@sciencedirect.com,178,474,203,24,8/24/2023
gshellidayi6@un.org,70,1259,367,7,10/10/2023
bpedeli7@seattletimes.com,129,2648,391,67,5/7/2024
lhaseleyi8@jiathis.com,164,2412,28,16,6/5/2024
tpurvessi9@delicious.com,67,2686,330,98,4/4/2024
esummersettia@usnews.com,143,2198,348,98,8/21/2023
bshitliffib@cisco.com,149,4684,141,99,9/22/2023
slaidlowic@soup.io,68,17,28,240,8/24/2023
wperkinid@cisco.com,137,1011,394,18,4/1/2024
fparramie@g.co,126,2328,102,81,2/18/2024
rstolleryif@pagesperso-orange.fr,106,1811,286,158,11/29/2023
lmargachig@ed.gov,149,3410,208,164,5/31/2024
jkemmeih@noaa.gov,83,4139,9,75,12/29/2023
mpratteii@mysql.com,61,216,29,145,1/4/2024
bgasonij@addtoany.com,170,910,151,235,6/11/2023
jkiellorik@over-blog.com,112,490,470,224,3/16/2024
drepperil@businessweek.com,102,1302,344,25,11/17/2023
dplewmanim@theglobeandmail.com,112,2669,322,37,11/18/2023
nlatteyin@gravatar.com,76,2283,98,126,5/16/2024
mprembleio@list-manage.com,112,3405,457,187,5/24/2023
rganiclefip@google.com.au,152,4303,170,17,8/25/2023
gdurrantiq@spiegel.de,109,3769,408,39,10/4/2023
jcrampseyir@loc.gov,200,2621,309,223,11/11/2023
fvaneschiis@scribd.com,130,2226,263,104,5/14/2024
tmurrisonit@cbsnews.com,194,2895,93,187,3/4/2024
bdibiasioiu@google.pl,169,2321,301,115,4/20/2024
gredfordiv@is.gd,99,1418,107,169,5/3/2023
kwicheriw@wired.com,73,3071,457,109,6/15/2024
dlowix@about.me,194,1203,445,219,10/25/2023
gchasemooreiy@eventbrite.com,170,3302,178,125,2/1/2024
tteaseyiz@wordpress.com,114,1044,141,218,9/27/2023
lmoorej0@about.com,175,43,368,43,8/6/2023
jtoffolettoj1@nymag.com,114,3535,392,202,7/19/2023
bprettymanj2@eventbrite.com,125,1035,45,215,1/29/2024
pbarnissj3@fc2.com,167,86,113,13,7/25/2023
ehitchensj4@cbslocal.com,148,3011,234,175,12/24/2023
jgabitisj5@si.edu,143,422,423,92,4/7/2024
jhaylandj6@mapy.cz,76,3930,167,101,1/22/2024
msadgrovej7@google.es,158,4938,87,182,4/15/2024
rgorsej8@chron.com,102,85,135,226,5/25/2024
bflecknoj9@nih.gov,92,2376,467,119,7/29/2023
mbeckmannja@rediff.com,193,1141,176,162,11/6/2023
akowalskijb@ow.ly,175,3939,269,36,7/5/2023
nreadjc@digg.com,134,2017,307,113,8/30/2023
ggeldartjd@ow.ly,111,1572,358,21,8/3/2023
tvallensje@abc.net.au,173,1052,4,89,2/27/2024
gbroschjf@tinypic.com,144,1138,20,201,11/3/2023
wstratfordjg@yale.edu,78,4924,215,143,4/10/2024
kgadaudjh@dedecms.com,68,251,265,183,9/16/2023
kcrewesji@cdbaby.com,172,4989,385,141,1/14/2024
emudiejj@tinyurl.com,80,2033,397,218,3/30/2024
sharefootjk@nbcnews.com,188,4266,44,225,10/23/2023
osabanjl@behance.net,182,4404,190,8,4/27/2024
pleerjm@nydailynews.com,62,3979,285,136,6/12/2023
igierkejn@tumblr.com,87,3413,381,198,5/13/2024
jnaismithjo@ft.com,137,3606,208,58,10/15/2023
sfordhamjp@flavors.me,198,3187,269,240,7/3/2023
dsherwinjq@google.co.uk,117,2368,287,213,6/5/2023
jrispinjr@amazonaws.com,130,2205,119,170,3/25/2024
bpugsleyjs@merriam-webster.com,66,2851,152,223,2/15/2024
hericksonjt@1688.com,123,1890,334,91,1/23/2024
bgladdingju@time.com,142,1438,378,168,5/7/2024
fpettegrejv@mapquest.com,80,435,325,105,6/24/2023
fcarabinejw@techcrunch.com,154,1231,35,190,5/24/2024
abawmejx@i2i.jp,67,3054,498,219,5/22/2023
rbynethjy@over-blog.com,183,813,322,211,6/19/2023
ahakenjz@parallels.com,157,815,415,89,10/20/2023
ebilsonk0@indiatimes.com,158,3618,220,125,7/10/2023
hallinghamk1@whitehouse.gov,199,4752,289,46,6/14/2023
ksimoninik2@ameblo.jp,61,1275,201,47,9/29/2023
mburnsallk3@delicious.com,170,3372,288,219,9/9/2023
aluciank4@digg.com,144,3846,210,201,9/29/2023
ggrotek5@elpais.com,109,3183,382,227,5/20/2024
cmourniank6@mozilla.org,100,800,44,65,6/30/2023
mlanghornek7@ezinearticles.com,127,4596,247,48,8/11/2023
pgaulerk8@ted.com,187,748,376,87,12/9/2023
acokerk9@bigcartel.com,165,1978,244,155,1/22/2024
pfurslandka@irs.gov,162,2585,284,126,7/10/2023
cyanshinovkb@vimeo.com,158,3199,153,10,9/13/2023
sbeeviskc@deviantart.com,128,1970,436,108,8/7/2023
cphillpkd@friendfeed.com,119,3095,95,229,6/12/2023
haimerke@forbes.com,106,1462,24,182,5/5/2024
lstannahkf@discuz.net,154,4378,247,238,2/20/2024
jscousekg@engadget.com,89,1527,208,6,6/16/2023
ksommervillekh@narod.ru,194,3592,475,23,10/8/2023
kcummungski@loc.gov,121,192,372,62,5/25/2024
lpietrzykkj@biblegateway.com,121,4260,316,126,1/6/2024
dblanckleykk@home.pl,158,1878,256,161,4/28/2024
dbeaconkl@reddit.com,143,2584,312,111,9/2/2023
nhaskeykm@wikipedia.org,169,3736,131,17,8/15/2023
mstallardkn@opensource.org,105,4208,486,80,5/26/2023
fdurhamko@cbslocal.com,131,1869,293,66,1/31/2024
mcolumbellkp@wsj.com,128,2964,88,30,10/11/2023
cgemellikq@wisc.edu,154,3838,89,216,8/9/2023
fhaineskr@elpais.com,163,1842,474,144,6/12/2024
fstelfoxks@xing.com,151,3681,255,23,6/24/2023
jdutnallkt@ifeng.com,139,2370,36,18,2/28/2024
sgiffku@nationalgeographic.com,162,3994,203,1,12/20/2023
ldibiagiokv@businesswire.com,61,2551,396,172,11/14/2023
marminkw@npr.org,158,4511,269,78,12/12/2023
dabadekx@yelp.com,145,1477,49,62,11/1/2023
msausmanky@prweb.com,130,2186,106,81,1/7/2024
kwhateskz@jugem.jp,120,221,464,230,3/19/2024
blinnemanl0@jiathis.com,120,644,289,117,8/17/2023
lromel1@ovh.net,188,1533,208,106,12/13/2023
aflemmichl2@edublogs.org,171,2825,117,219,8/14/2023
ptrolleyl3@google.de,126,2975,444,150,12/16/2023
oorganl4@de.vu,184,3871,16,1,1/15/2024
acausierl5@hatena.ne.jp,191,1184,326,151,3/8/2024
glyddiardl6@mapquest.com,108,898,383,202,7/15/2023
nfettiplacel7@storify.com,106,4684,242,111,8/15/2023
fpanniersl8@fema.gov,99,4463,355,101,6/1/2023
pdovidianl9@unc.edu,144,1415,452,183,6/5/2023
dpawelecla@army.mil,179,4936,89,131,3/24/2024
rpercivallb@nyu.edu,195,2760,428,131,7/22/2023
mmcbratneylc@histats.com,187,2764,37,64,7/12/2023
adeboickld@craigslist.org,111,3408,175,201,6/5/2023
vattridele@constantcontact.com,173,4308,119,144,4/3/2024
clegginlf@unesco.org,196,192,115,211,3/25/2024
hgabbetislg@sina.com.cn,161,2145,79,175,12/21/2023
bkintzellh@4shared.com,143,4754,396,79,10/20/2023
bgendersli@elegantthemes.com,68,1432,281,164,1/8/2024
dkehirlj@ftc.gov,92,4379,178,10,7/23/2023
vrappaportlk@answers.com,196,1169,298,150,6/11/2024
udoddingll@mayoclinic.com,190,843,350,118,7/18/2023
ccapewelllm@unicef.org,87,2343,123,20,8/18/2023
bmobiusln@omniture.com,166,599,255,79,3/27/2024
rvondralo@scientificamerican.com,179,1106,420,237,12/29/2023
lwhitfeldlp@spotify.com,190,4330,160,67,11/7/2023
mlambislq@zdnet.com,70,1603,43,42,2/5/2024
aringerlr@google.cn,189,4592,72,105,4/18/2024
lrockwellls@deviantart.com,91,2185,183,85,6/3/2024
pfrancklynlt@time.com,141,125,2,38,10/10/2023
dsaldlerlu@soundcloud.com,77,3655,140,145,5/2/2023
btrusslovelv@friendfeed.com,81,232,94,149,6/22/2023
lfranzenlw@exblog.jp,121,1422,26,57,7/29/2023
mpawelleklx@ca.gov,121,1956,417,215,7/14/2023
bpinderly@deliciousdays.com,144,1632,381,16,6/20/2023
asilklz@fc2.com,130,570,80,3,12/12/2023
cjeandotm0@senate.gov,85,4151,198,49,6/9/2024
rstanifordm1@tuttocitta.it,144,2242,184,159,8/21/2023
kkillikm2@purevolume.com,96,3503,320,32,7/28/2023
estruthersm3@boston.com,85,521,151,123,3/28/2024
bswindellsm4@techcrunch.com,159,5,283,131,10/1/2023
dcrutchfieldm5@ftc.gov,65,1412,203,182,3/11/2024
ccastellanm6@time.com,192,1890,144,164,12/6/2023
twaddamm7@pinterest.com,121,3744,219,13,3/27/2024
idominellim8@photobucket.com,138,1539,191,187,12/1/2023
pbeinischm9@taobao.com,86,2138,56,115,7/24/2023
rbillsonma@rediff.com,133,4905,211,211,7/5/2023
jhuggonsmb@about.com,80,3393,318,238,7/6/2023
cspridgeonmc@opensource.org,190,1383,216,184,4/30/2024
derrickermd@statcounter.com,94,1895,284,57,1/3/2024
aheiferme@ucoz.com,161,1976,205,68,2/12/2024
zperetmf@miitbeian.gov.cn,113,1810,319,98,5/4/2024
dhemerijkmg@engadget.com,83,2197,255,234,6/16/2023
dperchemh@marketwatch.com,65,2938,243,49,10/25/2023
bkiddemi@desdev.cn,166,1859,252,221,10/9/2023
odabrowskimj@over-blog.com,64,2472,297,233,7/31/2023
sjacklingsmk@nyu.edu,167,4455,453,9,11/15/2023
fduffieldml@psu.edu,167,2306,202,166,5/5/2024
codoghestymm@psu.edu,75,4580,136,71,2/2/2024
tmattackmn@google.ca,159,1578,18,146,5/18/2024
drubimo@jugem.jp,139,1600,318,122,4/18/2024
snappinmp@bravesites.com,136,4896,497,147,5/12/2024
tpohlkemq@princeton.edu,192,903,364,137,6/28/2023
kdorseymr@comcast.net,160,9,24,195,6/9/2024
awilcockesms@phoca.cz,63,4547,389,164,8/16/2023
hleonardemt@sciencedaily.com,99,2796,136,12,1/11/2024
ldiamentmu@netvibes.com,106,2682,189,226,6/10/2024
thuckemv@cargocollective.com,184,643,193,222,4/12/2024
lpinkmw@oakley.com,161,2411,471,157,5/17/2024
ghakingmx@canalblog.com,109,636,47,80,10/4/2023
cconyersmy@mapy.cz,159,4500,217,199,2/14/2024
rbarltropmz@wp.com,122,361,82,168,5/26/2023
ethurlbournen0@abc.net.au,87,4834,448,35,5/4/2024
jdearelln1@yellowbook.com,131,510,224,217,12/27/2023
frattenberien2@free.fr,177,3576,284,202,3/24/2024
rethersonn3@prlog.org,142,4040,445,238,10/7/2023
vwhiteoakn4@discovery.com,67,3823,18,175,2/25/2024
llestrangen5@google.nl,74,507,78,222,11/7/2023
kiacobaccin6@chicagotribune.com,192,193,255,80,2/16/2024
brehmn7@columbia.edu,135,902,210,191,11/7/2023
wpeironen8@uol.com.br,68,1896,110,196,10/4/2023
rwhitewoodn9@nih.gov,195,516,193,30,12/29/2023
dcoucherna@tinypic.com,99,2533,430,1,6/15/2023
jhawkswellnb@bbb.org,93,4476,108,88,4/6/2024
khrachovecnc@ed.gov,61,712,314,176,9/6/2023
bantyukhinnd@google.pl,84,822,145,165,2/24/2024
apharrone@theguardian.com,133,3243,324,111,11/1/2023
afishpondnf@cdc.gov,182,1757,136,176,5/21/2024
mrojng@weibo.com,173,4367,444,199,5/24/2023
bcoppledikenh@noaa.gov,117,519,58,82,2/11/2024
achownni@msn.com,119,1436,358,109,5/16/2024
mdendlenj@google.nl,171,1623,124,180,8/11/2023
tfreirenk@yelp.com,186,4298,189,233,12/3/2023
nbrogininl@japanpost.jp,113,2663,318,63,5/30/2023
shammersleynm@ovh.net,90,4570,468,230,12/18/2023
eeilhartnn@163.com,165,1344,102,8,2/17/2024
ogrigorino@cafepress.com,129,1755,94,220,7/2/2023
kommanneynp@multiply.com,133,95,247,174,1/30/2024
wmuldrewnq@fema.gov,100,1121,486,62,3/24/2024
rrelfnr@sitemeter.com,128,132,398,174,2/26/2024
hrojahnns@state.gov,144,4391,132,72,1/11/2024
pneednt@posterous.com,123,749,22,128,5/4/2024
fscurfieldnu@phoca.cz,128,4427,226,229,11/17/2023
fdonovannv@etsy.com,188,4226,165,1,12/27/2023
moverstallnw@yahoo.co.jp,81,2657,191,76,11/20/2023
cphilipartnx@psu.edu,188,4692,242,207,8/17/2023
rbootny@reddit.com,98,813,286,136,12/7/2023
mupexnz@blogs.com,84,3998,492,218,10/28/2023
cjaimeo0@ihg.com,87,132,53,48,8/12/2023
jpenritho1@dyndns.org,193,1993,415,99,10/1/2023
wgoodfelloweo2@reverbnation.com,143,4079,129,20,5/30/2024
cgoldsacko3@123-reg.co.uk,167,3606,222,102,3/26/2024
swrightsono4@issuu.com,98,2411,179,28,5/28/2023
pofihilyo5@sbwire.com,71,85,348,77,9/17/2023
cmerielo6@huffingtonpost.com,104,3362,92,177,5/29/2024
ghatliffo7@freewebs.com,176,2633,39,214,3/27/2024
ckivlehano8@t.co,105,55,94,41,7/20/2023
kisacoffo9@gravatar.com,164,3945,37,77,6/16/2023
fcourtonneoa@feedburner.com,138,214,75,102,12/11/2023
mertelob@lycos.com,70,797,246,192,5/30/2024
rswalesoc@bbb.org,200,3059,443,224,1/26/2024
nhenrionotod@amazon.de,155,2423,239,109,11/8/2023
ffoortoe@chicagotribune.com,136,974,198,20,3/13/2024
edrohunof@freewebs.com,199,2148,338,176,6/27/2023
rtrevorog@goo.gl,107,4927,459,232,6/22/2023
hkordingoh@auda.org.au,179,3782,356,121,5/29/2024
iranscomeoi@google.com.hk,175,937,398,57,2/28/2024
vdottrelloj@tripadvisor.com,141,4167,466,225,1/4/2024
rclougherok@yandex.ru,67,3371,408,14,11/30/2023
salleryol@netscape.com,66,1998,335,195,2/1/2024
mvinecombeom@oaic.gov.au,78,1867,412,195,10/16/2023
imcgallon@chicagotribune.com,198,1903,265,213,7/14/2023
adebernardisoo@sciencedaily.com,148,1711,265,136,8/28/2023
imericop@canalblog.com,128,1975,426,15,5/22/2023
bspinigeoq@privacy.gov.au,104,3766,231,42,11/4/2023
zposnetteor@vkontakte.ru,66,1492,296,236,6/3/2024
tfarnanos@ehow.com,159,4694,248,206,1/2/2024
tnindot@springer.com,112,2046,73,176,3/11/2024
oghiottoou@tinyurl.com,62,1063,353,170,7/31/2023
ashurmanov@meetup.com,148,3616,27,166,1/11/2024
kfurberow@loc.gov,199,171,218,24,6/5/2023
tciceroox@cbslocal.com,117,4568,110,27,12/7/2023
cdoonicanoy@istockphoto.com,168,1630,442,221,3/5/2024
gmangamoz@squidoo.com,145,2868,420,147,5/2/2024
yninnisp0@ebay.com,78,4306,420,18,11/30/2023
sstandellp1@blog.com,90,4100,111,30,11/16/2023
lseifp2@archive.org,117,636,495,113,5/18/2023
mblythp3@army.mil,162,81,80,162,7/14/2023
blympanyp4@cnbc.com,69,3533,399,232,11/6/2023
jtoonp5@theglobeandmail.com,159,302,411,184,10/21/2023
rlintinp6@rakuten.co.jp,97,4625,307,33,1/6/2024
wstrephanp7@engadget.com,126,475,361,160,11/17/2023
sharmestonp8@hc360.com,68,4022,417,47,5/4/2024
bodoghestyp9@wufoo.com,119,3665,190,163,9/29/2023
mheddypa@yolasite.com,81,4559,154,137,8/6/2023
gkinneypb@fastcompany.com,62,1078,189,65,5/17/2023
lleekepc@ebay.co.uk,174,2657,43,176,6/26/2023
rnavarijopd@sohu.com,200,114,450,110,6/18/2023
lrylespe@ed.gov,130,4593,344,234,6/16/2024
coldreypf@nasa.gov,103,4846,465,34,9/22/2023
lmoaksonpg@google.com,189,4880,232,41,12/31/2023
amoyph@tiny.cc,92,1506,389,54,1/21/2024
bmuskpi@google.co.uk,123,3123,248,150,7/17/2023
tdaintonpj@etsy.com,190,4191,75,130,7/14/2023
pgilloolypk@github.io,85,2758,431,11,10/11/2023
drelfpl@hao123.com,86,3248,203,217,1/28/2024
aevamypm@google.co.jp,190,1668,38,233,12/23/2023
bkeeganpn@shinystat.com,149,953,317,211,2/13/2024
dowlnerpo@google.co.jp,161,1813,100,209,8/21/2023
afallspp@scribd.com,198,2073,238,46,10/22/2023
dleemanspq@archive.org,93,2688,259,211,5/25/2023
nmacgiollapheadairpr@engadget.com,154,2164,19,61,9/1/2023
jharsumps@com.com,138,4045,140,207,6/3/2024
despinpt@buzzfeed.com,122,2733,266,9,6/5/2024
mjellicorsepu@skype.com,117,3738,457,217,10/26/2023
mluckespv@oaic.gov.au,60,4905,58,127,6/4/2024
ablezardpw@google.ca,172,4690,339,127,8/19/2023
abolliverpx@sphinn.com,68,1091,376,13,7/17/2023
pwhetherpy@si.edu,79,1848,75,23,5/21/2024
aghiottopz@shinystat.com,138,2274,250,35,3/24/2024
bwaycottq0@fastcompany.com,174,450,245,203,7/27/2023
swurzq1@miitbeian.gov.cn,130,4786,15,189,9/28/2023
lrosenbergq2@state.tx.us,113,622,364,40,6/8/2024
estummeyerq3@ning.com,152,47,120,182,3/17/2024
bbadseyq4@dyndns.org,145,2163,148,149,10/26/2023
mgribbleq5@163.com,172,3798,21,198,1/21/2024
rmetsonq6@amazon.co.uk,92,4417,459,64,6/28/2023
bcathroq7@meetup.com,93,210,222,166,4/28/2024
dmccourtieq8@irs.gov,109,3586,455,218,12/6/2023
bwybourneq9@buzzfeed.com,194,71,401,21,3/17/2024
dgomezqa@usgs.gov,173,3684,441,121,9/20/2023
gfaersqb@edublogs.org,121,390,76,196,1/4/2024
vpinyonqc@alibaba.com,64,4505,263,104,2/22/2024
ptabardqd@theglobeandmail.com,139,3499,380,153,8/19/2023
sesbyqe@mediafire.com,163,4924,48,196,8/18/2023
blydiattqf@fda.gov,120,1801,291,120,10/2/2023
iedelheitqg@senate.gov,65,4510,72,43,5/27/2023
cganniclifftqh@4shared.com,99,1209,460,155,6/24/2023
rlimeburnqi@dedecms.com,142,2881,35,24,5/9/2023
aflaniganqj@google.cn,76,4690,268,203,5/26/2024
ebooelnqk@plala.or.jp,150,2307,442,53,6/7/2023
mkingswoldql@china.com.cn,77,885,74,7,6/14/2023
fpharaohqm@unblog.fr,88,3627,407,217,9/29/2023
amckinieqn@patch.com,88,4416,432,229,3/11/2024
lbeeckqo@google.com.br,160,1236,357,38,3/9/2024
laberhartqp@icq.com,136,4828,15,2,3/15/2024
sporttqq@dedecms.com,69,2690,386,164,3/8/2024
aburnhardqr@cmu.edu,77,1252,180,31,4/5/2024
bgreeveqs@bloglovin.com,113,3399,365,170,6/27/2023
smarklqt@cyberchimps.com,151,4528,130,115,9/30/2023
psteeplesqu@rambler.ru,148,1396,465,19,5/12/2024
xlembckeqv@google.com.br,127,3047,230,3,2/9/2024
csheaqw@shareasale.com,151,1132,455,52,6/1/2024
anagleqx@hibu.com,180,4368,128,238,1/31/2024
dgreenstockqy@princeton.edu,136,2885,452,38,6/16/2023
ptitmussqz@nba.com,137,3356,354,42,7/21/2023
rgiovannir0@qq.com,180,3179,336,174,3/9/2024
rduvalr1@wunderground.com,67,1953,210,128,7/29/2023
chelderr2@rambler.ru,193,397,145,105,5/2/2023
agodmerr3@mayoclinic.com,142,2328,393,16,3/20/2024
mshoner4@github.io,189,2825,1,239,5/2/2024
ealpesr5@va.gov,192,461,198,204,1/30/2024
jduddinr6@about.com,140,110,245,161,12/1/2023
shurlingr7@techcrunch.com,75,1080,390,106,8/7/2023
binglestonr8@discuz.net,195,2550,456,137,5/24/2024
sslimmingr9@cargocollective.com,111,2986,245,122,2/12/2024
zscreenra@time.com,151,3631,127,85,7/12/2023
lfozardrb@sciencedirect.com,109,1702,456,191,4/28/2024
cstickneyrc@ibm.com,186,3959,420,14,4/1/2024
jyashinrd@edublogs.org,109,4521,276,80,1/30/2024
dmarvalre@marriott.com,185,1565,384,218,8/9/2023
cebleinrf@examiner.com,122,1318,336,104,5/12/2024
kklaiserrg@w3.org,68,4064,191,211,3/26/2024
mfaheyrh@creativecommons.org,82,2845,10,162,11/29/2023
ekirmanri@soup.io,68,1994,431,31,4/5/2024
awinchcomberj@liveinternet.ru,87,3163,335,229,5/26/2023
bvonderemptenrk@wikia.com,89,31,56,106,8/21/2023
sbadmanrl@issuu.com,152,1333,476,94,8/19/2023
afehelyrm@mapy.cz,180,3756,142,37,6/24/2023
dpattersonrn@unc.edu,195,3796,477,155,12/18/2023
gprobbinro@illinois.edu,115,3120,270,85,10/28/2023
darchbaldrp@google.pl,65,3511,171,227,12/28/2023
aboynrq@artisteer.com,113,4510,70,135,6/21/2023
gwheatcroftrr@shareasale.com,89,4362,44,48,9/12/2023
